id,description,dataset.id,dataset.name,category.id,category.name,subcategory.id,subcategory.name,region,delay,universe,type,coverage,userCount,alphaCount,pyramidMultiplier,themes
oth466_aor_tr,Return On Assets,other466,Aggregated Fundamental Data ,fundamental,Fundamental,fundamental-fundamental-data,Fundamental Data,ASI,1,MINVOL1M,MATRIX,1,135,463,1.1,[]
oth466_bs_acconts_pay,Accounts Payable,other466,Aggregated Fundamental Data ,fundamental,Fundamental,fundamental-fundamental-data,Fundamental Data,ASI,1,MINVOL1M,MATRIX,1,102,276,1.1,[]
oth466_bs_accr_exp_xpayr_q,Other Accrued Expenses,other466,Aggregated Fundamental Data ,fundamental,Fundamental,fundamental-fundamental-data,Fundamental Data,ASI,1,MINVOL1M,MATRIX,0.325,67,146,1.1,[]
oth466_bs_accr_payr,Other Accrued Expenses,other466,Aggregated Fundamental Data ,fundamental,Fundamental,fundamental-fundamental-data,Fundamental Data,ASI,1,MINVOL1M,MATRIX,0.8107,33,41,1.1,[]
oth466_bs_accrued_income_taxes,Income Tax Payable,other466,Aggregated Fundamental Data ,fundamental,Fundamental,fundamental-fundamental-data,Fundamental Data,ASI,1,MINVOL1M,MATRIX,1,99,209,1.1,[]
oth466_bs_accum_depr,Accumulated Depreciation,other466,Aggregated Fundamental Data ,fundamental,Fundamental,fundamental-fundamental-data,Fundamental Data,ASI,1,MINVOL1M,MATRIX,1,63,174,1.1,[]
oth466_bs_allow_doubtful_acc_rec,Allowance For Doubtful Accounts,other466,Aggregated Fundamental Data ,fundamental,Fundamental,fundamental-fundamental-data,Fundamental Data,ASI,1,MINVOL1M,MATRIX,1,66,117,1.1,[]
oth466_bs_assets_curr_oth_q,Other Current Assets,other466,Aggregated Fundamental Data ,fundamental,Fundamental,fundamental-fundamental-data,Fundamental Data,ASI,1,MINVOL1M,MATRIX,1,66,124,1.1,[]
oth466_bs_assets_curr_q,Total Current Assets,other466,Aggregated Fundamental Data ,fundamental,Fundamental,fundamental-fundamental-data,Fundamental Data,ASI,1,MINVOL1M,MATRIX,1,74,149,1.1,[]
oth466_bs_assets_intl,Assets - International,other466,Aggregated Fundamental Data ,fundamental,Fundamental,fundamental-fundamental-data,Fundamental Data,ASI,1,MINVOL1M,MATRIX,0.352,28,51,1.1,[]
oth466_bs_assets_oth,Other Assets,other466,Aggregated Fundamental Data ,fundamental,Fundamental,fundamental-fundamental-data,Fundamental Data,ASI,1,MINVOL1M,MATRIX,1,64,138,1.1,[]
oth466_bs_assets_oth_intang_q,Other Assets (incl. Intangibles),other466,Aggregated Fundamental Data ,fundamental,Fundamental,fundamental-fundamental-data,Fundamental Data,ASI,1,MINVOL1M,MATRIX,1,46,73,1.1,[]
oth466_bs_assets_oth_q,Other Assets,other466,Aggregated Fundamental Data ,fundamental,Fundamental,fundamental-fundamental-data,Fundamental Data,ASI,1,MINVOL1M,MATRIX,0.9975,51,65,1.1,[]
oth466_bs_assets_oth_tang,Other Assets (incl. Tangibles),other466,Aggregated Fundamental Data ,fundamental,Fundamental,fundamental-fundamental-data,Fundamental Data,ASI,1,MINVOL1M,MATRIX,0.769,55,88,1.1,[]
oth466_bs_assets_oth_tot,"Other Long-Term Assets, Total",other466,Aggregated Fundamental Data ,fundamental,Fundamental,fundamental-fundamental-data,Fundamental Data,ASI,1,MINVOL1M,MATRIX,1,53,109,1.1,[]
oth466_bs_assets_oth_tot_q,"Other Long-term Assets, Total",other466,Aggregated Fundamental Data ,fundamental,Fundamental,fundamental-fundamental-data,Fundamental Data,ASI,1,MINVOL1M,MATRIX,1,55,123,1.1,[]
oth466_bs_assets_tot,Total Assets,other466,Aggregated Fundamental Data ,fundamental,Fundamental,fundamental-fundamental-data,Fundamental Data,ASI,1,MINVOL1M,MATRIX,1,77,221,1.1,[]
oth466_bs_assets_tot_q,Total Assets,other466,Aggregated Fundamental Data ,fundamental,Fundamental,fundamental-fundamental-data,Fundamental Data,ASI,1,MINVOL1M,MATRIX,1,56,165,1.1,[]
oth466_bs_bdebt_q,Bad Debt,other466,Aggregated Fundamental Data ,fundamental,Fundamental,fundamental-fundamental-data,Fundamental Data,ASI,1,MINVOL1M,MATRIX,0.6744,54,96,1.1,[]
oth466_bs_bps_tang_q,Tangible Book Value per Share,other466,Aggregated Fundamental Data ,fundamental,Fundamental,fundamental-fundamental-data,Fundamental Data,ASI,1,MINVOL1M,MATRIX,1,79,201,1.1,[]
oth466_bs_bv_tang,Tangible Book Value,other466,Aggregated Fundamental Data ,fundamental,Fundamental,fundamental-fundamental-data,Fundamental Data,ASI,1,MINVOL1M,MATRIX,1,56,110,1.1,[]
oth466_bs_cap_surp,Capital Surplus,other466,Aggregated Fundamental Data ,fundamental,Fundamental,fundamental-fundamental-data,Fundamental Data,ASI,1,MINVOL1M,MATRIX,1,66,153,1.1,[]
oth466_bs_cash_equiv_q,Cash and equivalents,other466,Aggregated Fundamental Data ,fundamental,Fundamental,fundamental-fundamental-data,Fundamental Data,ASI,1,MINVOL1M,MATRIX,1,83,520,1.1,[]
oth466_bs_cash_only_q,Net Cash,other466,Aggregated Fundamental Data ,fundamental,Fundamental,fundamental-fundamental-data,Fundamental Data,ASI,1,MINVOL1M,MATRIX,1,65,151,1.1,[]
oth466_bs_cash_st_invest,Cash & Short-Term Investments,other466,Aggregated Fundamental Data ,fundamental,Fundamental,fundamental-fundamental-data,Fundamental Data,ASI,1,MINVOL1M,MATRIX,1,75,253,1.1,[]
oth466_bs_cash_st_q,Cash & Short-Term Investments,other466,Aggregated Fundamental Data ,fundamental,Fundamental,fundamental-fundamental-data,Fundamental Data,ASI,1,MINVOL1M,MATRIX,1,28,53,1.1,[]
oth466_bs_com_eq_apic_q,Additional Paid-In Capital,other466,Aggregated Fundamental Data ,fundamental,Fundamental,fundamental-fundamental-data,Fundamental Data,ASI,1,MINVOL1M,MATRIX,0.9919,55,179,1.1,[]
oth466_bs_com_eq_for_exch_q,Unrealized Foreign Exchange Gain/Loss,other466,Aggregated Fundamental Data ,fundamental,Fundamental,fundamental-fundamental-data,Fundamental Data,ASI,1,MINVOL1M,MATRIX,0.4477,12,12,1.1,[]
oth466_bs_com_eq_par_q,Common Stock Par/Carry Value,other466,Aggregated Fundamental Data ,fundamental,Fundamental,fundamental-fundamental-data,Fundamental Data,ASI,1,MINVOL1M,MATRIX,1,65,187,1.1,[]
oth466_bs_com_eq_retain_earn_q,Retained Earnings,other466,Aggregated Fundamental Data ,fundamental,Fundamental,fundamental-fundamental-data,Fundamental Data,ASI,1,MINVOL1M,MATRIX,0.9255,31,44,1.1,[]
oth466_bs_common_eq,Common Equity,other466,Aggregated Fundamental Data ,fundamental,Fundamental,fundamental-fundamental-data,Fundamental Data,ASI,1,MINVOL1M,MATRIX,1,44,108,1.1,[]
oth466_bs_common_eqt_tot,Common Equity - Total,other466,Aggregated Fundamental Data ,fundamental,Fundamental,fundamental-fundamental-data,Fundamental Data,ASI,1,MINVOL1M,MATRIX,1,67,226,1.1,[]
oth466_bs_common_stk,Common Stock,other466,Aggregated Fundamental Data ,fundamental,Fundamental,fundamental-fundamental-data,Fundamental Data,ASI,1,MINVOL1M,MATRIX,1,55,123,1.1,[]
oth466_bs_curr_asset_tot,Current Assets - Total,other466,Aggregated Fundamental Data ,fundamental,Fundamental,fundamental-fundamental-data,Fundamental Data,ASI,1,MINVOL1M,MATRIX,1,48,198,1.1,[]
oth466_bs_curr_assets_oth,Current Assets - Other,other466,Aggregated Fundamental Data ,fundamental,Fundamental,fundamental-fundamental-data,Fundamental Data,ASI,1,MINVOL1M,MATRIX,0.9312,57,95,1.1,[]
oth466_bs_curr_liab_oth,Other Current Liabilities,other466,Aggregated Fundamental Data ,fundamental,Fundamental,fundamental-fundamental-data,Fundamental Data,ASI,1,MINVOL1M,MATRIX,1,70,193,1.1,[]
oth466_bs_curr_liab_tot,Total Current Liabilities,other466,Aggregated Fundamental Data ,fundamental,Fundamental,fundamental-fundamental-data,Fundamental Data,ASI,1,MINVOL1M,MATRIX,1,40,85,1.1,[]
oth466_bs_curr_por_lt_debt,Current Portion of Long-Term Debt,other466,Aggregated Fundamental Data ,fundamental,Fundamental,fundamental-fundamental-data,Fundamental Data,ASI,1,MINVOL1M,MATRIX,1,51,121,1.1,[]
oth466_bs_debt_lt_curr_q,Current Portion of Long-Term Debt,other466,Aggregated Fundamental Data ,fundamental,Fundamental,fundamental-fundamental-data,Fundamental Data,ASI,1,MINVOL1M,MATRIX,0.7294,44,149,1.1,[]
oth466_bs_debt_lt_net,"Long-Term Debt, Net",other466,Aggregated Fundamental Data ,fundamental,Fundamental,fundamental-fundamental-data,Fundamental Data,ASI,1,MINVOL1M,MATRIX,0.9152,31,38,1.1,[]
oth466_bs_debt_lt_q,Long-Term Debt,other466,Aggregated Fundamental Data ,fundamental,Fundamental,fundamental-fundamental-data,Fundamental Data,ASI,1,MINVOL1M,MATRIX,0.8661,38,64,1.1,[]
oth466_bs_debt_lt_tot,"Long-Term Debt, Total",other466,Aggregated Fundamental Data ,fundamental,Fundamental,fundamental-fundamental-data,Fundamental Data,ASI,1,MINVOL1M,MATRIX,0.9587,41,57,1.1,[]
oth466_bs_debt_lt_xcap_q,LT Debt excl Capital Lease Obligations,other466,Aggregated Fundamental Data ,fundamental,Fundamental,fundamental-fundamental-data,Fundamental Data,ASI,1,MINVOL1M,MATRIX,0.8664,24,42,1.1,[]
oth466_bs_debt_net,Net Debt,other466,Aggregated Fundamental Data ,fundamental,Fundamental,fundamental-fundamental-data,Fundamental Data,ASI,1,MINVOL1M,MATRIX,1,48,133,1.1,[]
oth466_bs_debt_notes_bonds_tot,"Total Long-Term Debt, Supplemental",other466,Aggregated Fundamental Data ,fundamental,Fundamental,fundamental-fundamental-data,Fundamental Data,ASI,1,MINVOL1M,MATRIX,0.7058,32,49,1.1,[]
oth466_bs_debt_q,Total Debt,other466,Aggregated Fundamental Data ,fundamental,Fundamental,fundamental-fundamental-data,Fundamental Data,ASI,1,MINVOL1M,MATRIX,1,46,118,1.1,[]
oth466_bs_debt_st,Short-Term Debt,other466,Aggregated Fundamental Data ,fundamental,Fundamental,fundamental-fundamental-data,Fundamental Data,ASI,1,MINVOL1M,MATRIX,1,63,141,1.1,[]
oth466_bs_debt_st_curr_port,Long-Term Debt Maturing Within 1 Year,other466,Aggregated Fundamental Data ,fundamental,Fundamental,fundamental-fundamental-data,Fundamental Data,ASI,1,MINVOL1M,MATRIX,0.8249,41,75,1.1,[]
oth466_bs_debt_st_lt_tot,Short Term Debt & Current Portion of Long-Term Debt,other466,Aggregated Fundamental Data ,fundamental,Fundamental,fundamental-fundamental-data,Fundamental Data,ASI,1,MINVOL1M,MATRIX,1,54,124,1.1,[]
oth466_bs_debt_st_q,Short-Term Debt,other466,Aggregated Fundamental Data ,fundamental,Fundamental,fundamental-fundamental-data,Fundamental Data,ASI,1,MINVOL1M,MATRIX,0.9808,47,90,1.1,[]
oth466_bs_debt_st_x_curr_port_q,Short-Term Debt,other466,Aggregated Fundamental Data ,fundamental,Fundamental,fundamental-fundamental-data,Fundamental Data,ASI,1,MINVOL1M,MATRIX,0.9076,56,92,1.1,[]
oth466_bs_defer_rev_curr,Deferred Revenue - Current,other466,Aggregated Fundamental Data ,fundamental,Fundamental,fundamental-fundamental-data,Fundamental Data,ASI,1,MINVOL1M,MATRIX,0.7286,59,153,1.1,[]
oth466_bs_dfd_revenue_lt_q,Deferred Revenue - Long Term,other466,Aggregated Fundamental Data ,fundamental,Fundamental,fundamental-fundamental-data,Fundamental Data,ASI,1,MINVOL1M,MATRIX,0.2924,7,11,1.1,[]
oth466_bs_dfd_revenue_q,Deferred Revenue - Current,other466,Aggregated Fundamental Data ,fundamental,Fundamental,fundamental-fundamental-data,Fundamental Data,ASI,1,MINVOL1M,MATRIX,0.7054,128,449,1.1,[]
oth466_bs_dfd_tax_as_q,Deferred Income Tax - Current Asset,other466,Aggregated Fundamental Data ,fundamental,Fundamental,fundamental-fundamental-data,Fundamental Data,ASI,1,MINVOL1M,MATRIX,0.2996,6,7,1.1,[]
oth466_bs_dfd_tax_assets_lt,Deferred Income Tax Long-Term Asset,other466,Aggregated Fundamental Data ,fundamental,Fundamental,fundamental-fundamental-data,Fundamental Data,ASI,1,MINVOL1M,MATRIX,0.9711,37,71,1.1,[]
oth466_bs_dfd_tax_assets_st,Deferred Income Tax - Current Asset,other466,Aggregated Fundamental Data ,fundamental,Fundamental,fundamental-fundamental-data,Fundamental Data,ASI,1,MINVOL1M,MATRIX,0.3398,3,4,1.1,[]
oth466_bs_dfd_tax_cr_q,Deferred Tax Liabilities,other466,Aggregated Fundamental Data ,fundamental,Fundamental,fundamental-fundamental-data,Fundamental Data,ASI,1,MINVOL1M,MATRIX,0.7408,50,104,1.1,[]
oth466_bs_dfd_tax_db_q,Deferred Tax Assets,other466,Aggregated Fundamental Data ,fundamental,Fundamental,fundamental-fundamental-data,Fundamental Data,ASI,1,MINVOL1M,MATRIX,1,52,84,1.1,[]
oth466_bs_dfd_tax_itc_q,Deferred Taxes and Investment Tax Credit,other466,Aggregated Fundamental Data ,fundamental,Fundamental,fundamental-fundamental-data,Fundamental Data,ASI,1,MINVOL1M,MATRIX,0.9247,18,27,1.1,[]
oth466_bs_dfd_tax_q,Deferred Taxes,other466,Aggregated Fundamental Data ,fundamental,Fundamental,fundamental-fundamental-data,Fundamental Data,ASI,1,MINVOL1M,MATRIX,1,37,67,1.1,[]
oth466_bs_disclosed_intangibles,Intangible Assets - Total,other466,Aggregated Fundamental Data ,fundamental,Fundamental,fundamental-fundamental-data,Fundamental Data,ASI,1,MINVOL1M,MATRIX,1,49,117,1.1,[]
oth466_bs_eq_tot,Total Equity & Minority Interest,other466,Aggregated Fundamental Data ,fundamental,Fundamental,fundamental-fundamental-data,Fundamental Data,ASI,1,MINVOL1M,MATRIX,1,50,129,1.1,[]
oth466_bs_eq_tot_q,Total Equity,other466,Aggregated Fundamental Data ,fundamental,Fundamental,fundamental-fundamental-data,Fundamental Data,ASI,1,MINVOL1M,MATRIX,1,30,43,1.1,[]
oth466_bs_goodwill_q,Goodwill - Net,other466,Aggregated Fundamental Data ,fundamental,Fundamental,fundamental-fundamental-data,Fundamental Data,ASI,1,MINVOL1M,MATRIX,0.4694,29,59,1.1,[]
oth466_bs_gw_net,Goodwill - Net Of Accumulated Amortization,other466,Aggregated Fundamental Data ,fundamental,Fundamental,fundamental-fundamental-data,Fundamental Data,ASI,1,MINVOL1M,MATRIX,0.6485,45,75,1.1,[]
oth466_bs_gw_net_q,Net Goodwill,other466,Aggregated Fundamental Data ,fundamental,Fundamental,fundamental-fundamental-data,Fundamental Data,ASI,1,MINVOL1M,MATRIX,0.5544,23,26,1.1,[]
oth466_bs_int_pay,Interest Payable,other466,Aggregated Fundamental Data ,fundamental,Fundamental,fundamental-fundamental-data,Fundamental Data,ASI,1,MINVOL1M,MATRIX,0.4286,4,4,1.1,[]
oth466_bs_intang_oth,Net Other Intangibles,other466,Aggregated Fundamental Data ,fundamental,Fundamental,fundamental-fundamental-data,Fundamental Data,ASI,1,MINVOL1M,MATRIX,0.8409,67,138,1.1,[]
oth466_bs_intang_oth_amort_q,Total Intangible Other Assets - Accumulated Amortization,other466,Aggregated Fundamental Data ,fundamental,Fundamental,fundamental-fundamental-data,Fundamental Data,ASI,1,MINVOL1M,MATRIX,0.6058,34,45,1.1,[]
oth466_bs_intang_oth_gross_q,Total Intangible Other Assets - Gross,other466,Aggregated Fundamental Data ,fundamental,Fundamental,fundamental-fundamental-data,Fundamental Data,ASI,1,MINVOL1M,MATRIX,0.4802,15,21,1.1,[]
oth466_bs_intang_oth_q,Net Other Intangibles,other466,Aggregated Fundamental Data ,fundamental,Fundamental,fundamental-fundamental-data,Fundamental Data,ASI,1,MINVOL1M,MATRIX,0.9537,61,130,1.1,[]
oth466_bs_intang_q,Total Intangible Other Assets - Net,other466,Aggregated Fundamental Data ,fundamental,Fundamental,fundamental-fundamental-data,Fundamental Data,ASI,1,MINVOL1M,MATRIX,1,62,191,1.1,[]
oth466_bs_inv_total_q,Total Inventory,other466,Aggregated Fundamental Data ,fundamental,Fundamental,fundamental-fundamental-data,Fundamental Data,ASI,1,MINVOL1M,MATRIX,1,53,110,1.1,[]
oth466_bs_inven_matl,Inventories - Raw Materials,other466,Aggregated Fundamental Data ,fundamental,Fundamental,fundamental-fundamental-data,Fundamental Data,ASI,1,MINVOL1M,MATRIX,0.8736,44,76,1.1,[]
oth466_bs_inven_prog_paymt,Inventories - Progress Payments & Other,other466,Aggregated Fundamental Data ,fundamental,Fundamental,fundamental-fundamental-data,Fundamental Data,ASI,1,MINVOL1M,MATRIX,0.5113,17,20,1.1,[]
oth466_bs_invest_aff_q,LT Investment - Affiliate Companies,other466,Aggregated Fundamental Data ,fundamental,Fundamental,fundamental-fundamental-data,Fundamental Data,ASI,1,MINVOL1M,MATRIX,0.8301,28,44,1.1,[]
oth466_bs_invest_cap,Invested Capital Total,other466,Aggregated Fundamental Data ,fundamental,Fundamental,fundamental-fundamental-data,Fundamental Data,ASI,1,MINVOL1M,MATRIX,1,48,93,1.1,[]
oth466_bs_invest_cap_q,Total Capital,other466,Aggregated Fundamental Data ,fundamental,Fundamental,fundamental-fundamental-data,Fundamental Data,ASI,1,MINVOL1M,MATRIX,0.9827,45,75,1.1,[]
oth466_bs_invest_lt_q,Long-Term Investments,other466,Aggregated Fundamental Data ,fundamental,Fundamental,fundamental-fundamental-data,Fundamental Data,ASI,1,MINVOL1M,MATRIX,0.9233,32,62,1.1,[]
oth466_bs_invest_oth_q,Other Investments,other466,Aggregated Fundamental Data ,fundamental,Fundamental,fundamental-fundamental-data,Fundamental Data,ASI,1,MINVOL1M,MATRIX,0.5148,20,26,1.1,[]
oth466_bs_invest_q,Investments - Total,other466,Aggregated Fundamental Data ,fundamental,Fundamental,fundamental-fundamental-data,Fundamental Data,ASI,1,MINVOL1M,MATRIX,0.3093,4,5,1.1,[]
oth466_bs_invest_re,Real Estate Assets Acquired By A Bank,other466,Aggregated Fundamental Data ,fundamental,Fundamental,fundamental-fundamental-data,Fundamental Data,ASI,1,MINVOL1M,MATRIX,0.3377,8,11,1.1,[]
oth466_bs_invest_st_q,Short-Term Investments,other466,Aggregated Fundamental Data ,fundamental,Fundamental,fundamental-fundamental-data,Fundamental Data,ASI,1,MINVOL1M,MATRIX,0.6216,42,66,1.1,[]
oth466_bs_invest_st_tot,Short-term Investments,other466,Aggregated Fundamental Data ,fundamental,Fundamental,fundamental-fundamental-data,Fundamental Data,ASI,1,MINVOL1M,MATRIX,0.7855,38,67,1.1,[]
oth466_bs_invt_tot,Total Inventory,other466,Aggregated Fundamental Data ,fundamental,Fundamental,fundamental-fundamental-data,Fundamental Data,ASI,1,MINVOL1M,MATRIX,1,53,140,1.1,[]
oth466_bs_lease_pay_due_3,Operating Lease Payments Due In Year 3,other466,Aggregated Fundamental Data ,fundamental,Fundamental,fundamental-fundamental-data,Fundamental Data,ASI,1,MINVOL1M,MATRIX,0.2684,22,26,1.1,[]
oth466_bs_liab_oth_tot,"Other Liabilities, Total",other466,Aggregated Fundamental Data ,fundamental,Fundamental,fundamental-fundamental-data,Fundamental Data,ASI,1,MINVOL1M,MATRIX,1,39,105,1.1,[]
oth466_bs_liab_shh_eq_tot,Total Liabilities & Shareholders' Equity,other466,Aggregated Fundamental Data ,fundamental,Fundamental,fundamental-fundamental-data,Fundamental Data,ASI,1,MINVOL1M,MATRIX,1,31,41,1.1,[]
oth466_bs_liab_tot,Total Liabilities,other466,Aggregated Fundamental Data ,fundamental,Fundamental,fundamental-fundamental-data,Fundamental Data,ASI,1,MINVOL1M,MATRIX,1,37,83,1.1,[]
oth466_bs_liabs_curr_oth_q,"Other Current liabilities, Total",other466,Aggregated Fundamental Data ,fundamental,Fundamental,fundamental-fundamental-data,Fundamental Data,ASI,1,MINVOL1M,MATRIX,1,42,64,1.1,[]
oth466_bs_liabs_curr_q,Total Current Liabilities,other466,Aggregated Fundamental Data ,fundamental,Fundamental,fundamental-fundamental-data,Fundamental Data,ASI,1,MINVOL1M,MATRIX,1,42,88,1.1,[]
oth466_bs_liabs_oth_xdfd_rev_q,Other Liabilities,other466,Aggregated Fundamental Data ,fundamental,Fundamental,fundamental-fundamental-data,Fundamental Data,ASI,1,MINVOL1M,MATRIX,0.9381,51,71,1.1,[]
oth466_bs_liabs_tot_q,Total Liabilities,other466,Aggregated Fundamental Data ,fundamental,Fundamental,fundamental-fundamental-data,Fundamental Data,ASI,1,MINVOL1M,MATRIX,1,34,47,1.1,[]
oth466_bs_liabs_xmin_int_accum_q,Liabilities (excl. Minority Interest),other466,Aggregated Fundamental Data ,fundamental,Fundamental,fundamental-fundamental-data,Fundamental Data,ASI,1,MINVOL1M,MATRIX,0.9903,59,140,1.1,[]
oth466_bs_lt_debt_mature_2,Long-Term Debt Maturing In Year 2,other466,Aggregated Fundamental Data ,fundamental,Fundamental,fundamental-fundamental-data,Fundamental Data,ASI,1,MINVOL1M,MATRIX,0.3558,5,7,1.1,[]
oth466_bs_lt_debt_mature_3,Long Term Debt Maturing In Year 3,other466,Aggregated Fundamental Data ,fundamental,Fundamental,fundamental-fundamental-data,Fundamental Data,ASI,1,MINVOL1M,MATRIX,0.3423,7,10,1.1,[]
oth466_bs_lt_debt_mature_4,Long Term Debt Maturing In Year 4,other466,Aggregated Fundamental Data ,fundamental,Fundamental,fundamental-fundamental-data,Fundamental Data,ASI,1,MINVOL1M,MATRIX,0.3163,5,6,1.1,[]
oth466_bs_lt_debt_mature_5,Long-Term Debt Maturing In Year 5,other466,Aggregated Fundamental Data ,fundamental,Fundamental,fundamental-fundamental-data,Fundamental Data,ASI,1,MINVOL1M,MATRIX,0.2903,9,12,1.1,[]
oth466_bs_min_int_accum_q,Accumulated Minority Interest - Total,other466,Aggregated Fundamental Data ,fundamental,Fundamental,fundamental-fundamental-data,Fundamental Data,ASI,1,MINVOL1M,MATRIX,0.9247,46,94,1.1,[]
oth466_bs_minority_noncontrolling_interest,Minority Interest - Total,other466,Aggregated Fundamental Data ,fundamental,Fundamental,fundamental-fundamental-data,Fundamental Data,ASI,1,MINVOL1M,MATRIX,0.993,47,104,1.1,[]
oth466_bs_notes_receiv_lt,Long-Term Note Receivable,other466,Aggregated Fundamental Data ,fundamental,Fundamental,fundamental-fundamental-data,Fundamental Data,ASI,1,MINVOL1M,MATRIX,0.4497,16,21,1.1,[]
oth466_bs_oper_lease_commit_yr1,Operating Lease Payments Due In Year 1,other466,Aggregated Fundamental Data ,fundamental,Fundamental,fundamental-fundamental-data,Fundamental Data,ASI,1,MINVOL1M,MATRIX,0.516,22,32,1.1,[]
oth466_bs_oper_lease_commit_yr2,Operating Lease Payments Due In Year 2,other466,Aggregated Fundamental Data ,fundamental,Fundamental,fundamental-fundamental-data,Fundamental Data,ASI,1,MINVOL1M,MATRIX,0.3613,17,21,1.1,[]
oth466_bs_par_val,Par Value,other466,Aggregated Fundamental Data ,fundamental,Fundamental,fundamental-fundamental-data,Fundamental Data,ASI,1,MINVOL1M,MATRIX,0.8773,29,50,1.1,[]
oth466_bs_pay_acct_q,Accounts Payable,other466,Aggregated Fundamental Data ,fundamental,Fundamental,fundamental-fundamental-data,Fundamental Data,ASI,1,MINVOL1M,MATRIX,1,46,78,1.1,[]
oth466_bs_pay_div,Dividends Payable,other466,Aggregated Fundamental Data ,fundamental,Fundamental,fundamental-fundamental-data,Fundamental Data,ASI,1,MINVOL1M,MATRIX,0.3402,9,9,1.1,[]
oth466_bs_pay_tax_q,Income Tax Payable,other466,Aggregated Fundamental Data ,fundamental,Fundamental,fundamental-fundamental-data,Fundamental Data,ASI,1,MINVOL1M,MATRIX,1,55,96,1.1,[]
oth466_bs_pens_assets_val,Pension - Fair Value Of Plan Assets,other466,Aggregated Fundamental Data ,fundamental,Fundamental,fundamental-fundamental-data,Fundamental Data,ASI,1,MINVOL1M,MATRIX,0.4235,11,26,1.1,[]
oth466_bs_pens_bnfit_retir_post,Pension - Pension & Post-Retirement Benefits,other466,Aggregated Fundamental Data ,fundamental,Fundamental,fundamental-fundamental-data,Fundamental Data,ASI,1,MINVOL1M,MATRIX,0.5792,16,24,1.1,[]
oth466_bs_pens_funded_status,Pension - Funded Status,other466,Aggregated Fundamental Data ,fundamental,Fundamental,fundamental-fundamental-data,Fundamental Data,ASI,1,MINVOL1M,MATRIX,0.439,9,14,1.1,[]
oth466_bs_ppe_gross_bldg,Buildings - Gross,other466,Aggregated Fundamental Data ,fundamental,Fundamental,fundamental-fundamental-data,Fundamental Data,ASI,1,MINVOL1M,MATRIX,1,53,101,1.1,[]
oth466_bs_ppe_gross_constr,"Plant, Property and Equipment at Cost - Construction in Progress",other466,Aggregated Fundamental Data ,fundamental,Fundamental,fundamental-fundamental-data,Fundamental Data,ASI,1,MINVOL1M,MATRIX,0.7952,20,28,1.1,[]
oth466_bs_ppe_gross_constr_q,"Property, Plant, & Equipment - Construction in Progress",other466,Aggregated Fundamental Data ,fundamental,Fundamental,fundamental-fundamental-data,Fundamental Data,ASI,1,MINVOL1M,MATRIX,0.7152,17,22,1.1,[]
oth466_bs_ppe_gross_equip,Machinery/Equipment - Gross,other466,Aggregated Fundamental Data ,fundamental,Fundamental,fundamental-fundamental-data,Fundamental Data,ASI,1,MINVOL1M,MATRIX,1,41,76,1.1,[]
oth466_bs_ppe_gross_land,Land/Improvements - Gross,other466,Aggregated Fundamental Data ,fundamental,Fundamental,fundamental-fundamental-data,Fundamental Data,ASI,1,MINVOL1M,MATRIX,0.4807,15,17,1.1,[]
oth466_bs_ppe_gross_q,"Property, Plant, & Equipment - Gross",other466,Aggregated Fundamental Data ,fundamental,Fundamental,fundamental-fundamental-data,Fundamental Data,ASI,1,MINVOL1M,MATRIX,0.9484,22,30,1.1,[]
oth466_bs_ppe_net_q,"Net Property, Plant & Equipment",other466,Aggregated Fundamental Data ,fundamental,Fundamental,fundamental-fundamental-data,Fundamental Data,ASI,1,MINVOL1M,MATRIX,1,43,69,1.1,[]
oth466_bs_ppe_tot,"Property/Plant/Equipment, Total - Gross",other466,Aggregated Fundamental Data ,fundamental,Fundamental,fundamental-fundamental-data,Fundamental Data,ASI,1,MINVOL1M,MATRIX,1,29,41,1.1,[]
oth466_bs_prep_exp,Prepaid Expenses,other466,Aggregated Fundamental Data ,fundamental,Fundamental,fundamental-fundamental-data,Fundamental Data,ASI,1,MINVOL1M,MATRIX,0.6774,34,47,1.1,[]
oth466_bs_prep_exp_q,Prepaid Expenses,other466,Aggregated Fundamental Data ,fundamental,Fundamental,fundamental-fundamental-data,Fundamental Data,ASI,1,MINVOL1M,MATRIX,0.7524,54,149,1.1,[]
oth466_bs_pure_retained_earnings,Pure Retained Earnings,other466,Aggregated Fundamental Data ,fundamental,Fundamental,fundamental-fundamental-data,Fundamental Data,ASI,1,MINVOL1M,MATRIX,1,23,29,1.1,[]
oth466_bs_re_invest,Total RE Property (Real Estate Investments),other466,Aggregated Fundamental Data ,fundamental,Fundamental,fundamental-fundamental-data,Fundamental Data,ASI,1,MINVOL1M,MATRIX,0.2501,22,40,1.1,[]
oth466_bs_receiv_gross,"Accounts receivables, gross",other466,Aggregated Fundamental Data ,fundamental,Fundamental,fundamental-fundamental-data,Fundamental Data,ASI,1,MINVOL1M,MATRIX,1,41,74,1.1,[]
oth466_bs_receiv_gross_q,"Accounts receivables, gross",other466,Aggregated Fundamental Data ,fundamental,Fundamental,fundamental-fundamental-data,Fundamental Data,ASI,1,MINVOL1M,MATRIX,0.769,32,53,1.1,[]
oth466_bs_receiv_net,"Accounts Receivable - Trade, Net",other466,Aggregated Fundamental Data ,fundamental,Fundamental,fundamental-fundamental-data,Fundamental Data,ASI,1,MINVOL1M,MATRIX,1,36,55,1.1,[]
oth466_bs_receiv_tot_q,Total Accounts Receivable,other466,Aggregated Fundamental Data ,fundamental,Fundamental,fundamental-fundamental-data,Fundamental Data,ASI,1,MINVOL1M,MATRIX,1,41,88,1.1,[]
oth466_bs_rsrv_noneq_q,Non-Equity Reserves,other466,Aggregated Fundamental Data ,fundamental,Fundamental,fundamental-fundamental-data,Fundamental Data,ASI,1,MINVOL1M,MATRIX,0.3352,14,17,1.1,[]
oth466_bs_sh_cap_and_apic,Share Capital (Par Value) and Additional Paid-In Capital or Capital Surplus (Share Premium) of Common Equity,other466,Aggregated Fundamental Data ,fundamental,Fundamental,fundamental-fundamental-data,Fundamental Data,ASI,1,MINVOL1M,MATRIX,1,57,367,1.1,[]
oth466_bs_shdl_eqt_tot,Total Shareholders' Equity,other466,Aggregated Fundamental Data ,fundamental,Fundamental,fundamental-fundamental-data,Fundamental Data,ASI,1,MINVOL1M,MATRIX,1,50,134,1.1,[]
oth466_bs_st_borrow,Short Term Borrowings,other466,Aggregated Fundamental Data ,fundamental,Fundamental,fundamental-fundamental-data,Fundamental Data,ASI,1,MINVOL1M,MATRIX,1,34,54,1.1,[]
oth466_bs_stock_com_q,Common Stock,other466,Aggregated Fundamental Data ,fundamental,Fundamental,fundamental-fundamental-data,Fundamental Data,ASI,1,MINVOL1M,MATRIX,1,38,88,1.1,[]
oth466_bs_tang_bps,Tangible Book Value Per Share,other466,Aggregated Fundamental Data ,fundamental,Fundamental,fundamental-fundamental-data,Fundamental Data,ASI,1,MINVOL1M,MATRIX,1,24,31,1.1,[]
oth466_bs_tang_fix_assets_xre,"Property/Plant/Equipment, Total Net",other466,Aggregated Fundamental Data ,fundamental,Fundamental,fundamental-fundamental-data,Fundamental Data,ASI,1,MINVOL1M,MATRIX,1,43,71,1.1,[]
oth466_bs_treas_stk_q,Treasury Stock,other466,Aggregated Fundamental Data ,fundamental,Fundamental,fundamental-fundamental-data,Fundamental Data,ASI,1,MINVOL1M,MATRIX,0.3999,11,11,1.1,[]
oth466_bs_wkcap_ps,Working Capital Per Share,other466,Aggregated Fundamental Data ,fundamental,Fundamental,fundamental-fundamental-data,Fundamental Data,ASI,1,MINVOL1M,MATRIX,1,43,68,1.1,[]
oth466_cf_acq_biz,Acquisition Of Business,other466,Aggregated Fundamental Data ,fundamental,Fundamental,fundamental-fundamental-data,Fundamental Data,ASI,1,MINVOL1M,MATRIX,0.4193,18,21,1.1,[]
oth466_cf_cap_expend_prpty_add,Purchases of Fixed Assets,other466,Aggregated Fundamental Data ,fundamental,Fundamental,fundamental-fundamental-data,Fundamental Data,ASI,1,MINVOL1M,MATRIX,1,51,149,1.1,[]
oth466_cf_capex,Capital Expenditures,other466,Aggregated Fundamental Data ,fundamental,Fundamental,fundamental-fundamental-data,Fundamental Data,ASI,1,MINVOL1M,MATRIX,1,41,66,1.1,[]
oth466_cf_capex_fix_q,Capital Expenditures,other466,Aggregated Fundamental Data ,fundamental,Fundamental,fundamental-fundamental-data,Fundamental Data,ASI,1,MINVOL1M,MATRIX,0.8925,21,36,1.1,[]
oth466_cf_capex_ps,Capital Expenditures Per Share,other466,Aggregated Fundamental Data ,fundamental,Fundamental,fundamental-fundamental-data,Fundamental Data,ASI,1,MINVOL1M,MATRIX,1,56,106,1.1,[]
oth466_cf_cash,Cash,other466,Aggregated Fundamental Data ,fundamental,Fundamental,fundamental-fundamental-data,Fundamental Data,ASI,1,MINVOL1M,MATRIX,1,40,111,1.1,[]
oth466_cf_cash_chg,Net Change In Cash,other466,Aggregated Fundamental Data ,fundamental,Fundamental,fundamental-fundamental-data,Fundamental Data,ASI,1,MINVOL1M,MATRIX,1,27,48,1.1,[]
oth466_cf_cash_from_oper,Cash From Operating Activities,other466,Aggregated Fundamental Data ,fundamental,Fundamental,fundamental-fundamental-data,Fundamental Data,ASI,1,MINVOL1M,MATRIX,1,89,502,1.1,[]
oth466_cf_cash_int_pay,Cash Interest Paid,other466,Aggregated Fundamental Data ,fundamental,Fundamental,fundamental-fundamental-data,Fundamental Data,ASI,1,MINVOL1M,MATRIX,0.7756,33,51,1.1,[]
oth466_cf_cash_paid_for_tax,Cash Paid for Taxes,other466,Aggregated Fundamental Data ,fundamental,Fundamental,fundamental-fundamental-data,Fundamental Data,ASI,1,MINVOL1M,MATRIX,1,36,44,1.1,[]
oth466_cf_chg_cash_st_invest,Increase/Decrease In Cash And Short-Term Investments,other466,Aggregated Fundamental Data ,fundamental,Fundamental,fundamental-fundamental-data,Fundamental Data,ASI,1,MINVOL1M,MATRIX,1,33,56,1.1,[]
oth466_cf_debt_lt,"Long-Term Debt, Net",other466,Aggregated Fundamental Data ,fundamental,Fundamental,fundamental-fundamental-data,Fundamental Data,ASI,1,MINVOL1M,MATRIX,0.8531,27,40,1.1,[]
oth466_cf_debt_lt_reduct_q,Reduction In Long Term Debt,other466,Aggregated Fundamental Data ,fundamental,Fundamental,fundamental-fundamental-data,Fundamental Data,ASI,1,MINVOL1M,MATRIX,0.4792,17,19,1.1,[]
oth466_cf_decr_cap_stock,Decrease in Capital Stocks,other466,Aggregated Fundamental Data ,fundamental,Fundamental,fundamental-fundamental-data,Fundamental Data,ASI,1,MINVOL1M,MATRIX,0.261,9,9,1.1,[]
oth466_cf_dep_amort_tot_q,Depreciation and Amortization - Total,other466,Aggregated Fundamental Data ,fundamental,Fundamental,fundamental-fundamental-data,Fundamental Data,ASI,1,MINVOL1M,MATRIX,1,41,89,1.1,[]
oth466_cf_dfd_tax,Deferred Income Taxes & Investment Tax Credit,other466,Aggregated Fundamental Data ,fundamental,Fundamental,fundamental-fundamental-data,Fundamental Data,ASI,1,MINVOL1M,MATRIX,0.585,16,24,1.1,[]
oth466_cf_div_com,Common Dividends,other466,Aggregated Fundamental Data ,fundamental,Fundamental,fundamental-fundamental-data,Fundamental Data,ASI,1,MINVOL1M,MATRIX,1,50,84,1.1,[]
oth466_cf_div_com_q,Common Dividends,other466,Aggregated Fundamental Data ,fundamental,Fundamental,fundamental-fundamental-data,Fundamental Data,ASI,1,MINVOL1M,MATRIX,0.3796,12,15,1.1,[]
oth466_cf_div_pay_out_ps,Dividend Payout Per Share,other466,Aggregated Fundamental Data ,fundamental,Fundamental,fundamental-fundamental-data,Fundamental Data,ASI,1,MINVOL1M,MATRIX,0.9095,46,74,1.1,[]
oth466_cf_div_q,Cash Dividends Paid - Total,other466,Aggregated Fundamental Data ,fundamental,Fundamental,fundamental-fundamental-data,Fundamental Data,ASI,1,MINVOL1M,MATRIX,0.4564,10,17,1.1,[]
oth466_cf_div_tot,Dividends - Total,other466,Aggregated Fundamental Data ,fundamental,Fundamental,fundamental-fundamental-data,Fundamental Data,ASI,1,MINVOL1M,MATRIX,0.6276,26,47,1.1,[]
oth466_cf_dps_secs_q,Dividends Per Share,other466,Aggregated Fundamental Data ,fundamental,Fundamental,fundamental-fundamental-data,Fundamental Data,ASI,1,MINVOL1M,MATRIX,0.4927,17,27,1.1,[]
oth466_cf_fin,Cash From Financing Activities,other466,Aggregated Fundamental Data ,fundamental,Fundamental,fundamental-fundamental-data,Fundamental Data,ASI,1,MINVOL1M,MATRIX,1,39,75,1.1,[]
oth466_cf_fix_assets_sale_q,Sale of Fixed Assets,other466,Aggregated Fundamental Data ,fundamental,Fundamental,fundamental-fundamental-data,Fundamental Data,ASI,1,MINVOL1M,MATRIX,0.7151,43,83,1.1,[]
oth466_cf_forex_eff,Foreign Exchange Effects,other466,Aggregated Fundamental Data ,fundamental,Fundamental,fundamental-fundamental-data,Fundamental Data,ASI,1,MINVOL1M,MATRIX,0.8553,36,61,1.1,[]
oth466_cf_inc_tax_dfd,Deferred Income Taxes (Cash Flow),other466,Aggregated Fundamental Data ,fundamental,Fundamental,fundamental-fundamental-data,Fundamental Data,ASI,1,MINVOL1M,MATRIX,0.6407,42,90,1.1,[]
oth466_cf_invest_purch,Increase In Investments,other466,Aggregated Fundamental Data ,fundamental,Fundamental,fundamental-fundamental-data,Fundamental Data,ASI,1,MINVOL1M,MATRIX,0.7938,25,33,1.1,[]
oth466_cf_invest_sold_q,Sale/Maturity of Investment,other466,Aggregated Fundamental Data ,fundamental,Fundamental,fundamental-fundamental-data,Fundamental Data,ASI,1,MINVOL1M,MATRIX,0.5842,9,13,1.1,[]
oth466_cf_lt_debt_issue,Long-Term Debt Issued,other466,Aggregated Fundamental Data ,fundamental,Fundamental,fundamental-fundamental-data,Fundamental Data,ASI,1,MINVOL1M,MATRIX,0.7587,34,64,1.1,[]
oth466_cf_lt_debt_rdct,Long-Term Debt - Reduction,other466,Aggregated Fundamental Data ,fundamental,Fundamental,fundamental-fundamental-data,Fundamental Data,ASI,1,MINVOL1M,MATRIX,0.8145,33,57,1.1,[]
oth466_cf_net_inc,Net Income From Cf Starting Line,other466,Aggregated Fundamental Data ,fundamental,Fundamental,fundamental-fundamental-data,Fundamental Data,ASI,1,MINVOL1M,MATRIX,1,60,247,1.1,[]
oth466_cf_net_inc_strt,Comp Inc - Beginning Net Income,other466,Aggregated Fundamental Data ,fundamental,Fundamental,fundamental-fundamental-data,Fundamental Data,ASI,1,MINVOL1M,MATRIX,1,26,47,1.1,[]
oth466_cf_oper_q,Net Cash Flow - Operating Activities,other466,Aggregated Fundamental Data ,fundamental,Fundamental,fundamental-fundamental-data,Fundamental Data,ASI,1,MINVOL1M,MATRIX,0.9079,69,291,1.1,[]
oth466_cf_other_use_invest,Other Uses - Investing,other466,Aggregated Fundamental Data ,fundamental,Fundamental,fundamental-fundamental-data,Fundamental Data,ASI,1,MINVOL1M,MATRIX,0.6874,34,63,1.1,[]
oth466_cf_stk_purch,Purchase Of Common And Preferred Stock,other466,Aggregated Fundamental Data ,fundamental,Fundamental,fundamental-fundamental-data,Fundamental Data,ASI,1,MINVOL1M,MATRIX,0.2902,7,11,1.1,[]
oth466_cf_stk_sale,Sale Of Common And Preferred Stock,other466,Aggregated Fundamental Data ,fundamental,Fundamental,fundamental-fundamental-data,Fundamental Data,ASI,1,MINVOL1M,MATRIX,0.3373,16,25,1.1,[]
oth466_cni_dfd_sb,Deferred Income,other466,Aggregated Fundamental Data ,fundamental,Fundamental,fundamental-fundamental-data,Fundamental Data,ASI,1,MINVOL1M,MATRIX,0.2884,21,25,1.1,[]
oth466_des_amt_of_tsy_stock,Amount Of Treasury Shares,other466,Aggregated Fundamental Data ,fundamental,Fundamental,fundamental-fundamental-data,Fundamental Data,ASI,1,MINVOL1M,MATRIX,0.477,16,24,1.1,[]
oth466_des_basic_avg_shs,Common Shares Used To Calculate Basic Eps,other466,Aggregated Fundamental Data ,fundamental,Fundamental,fundamental-fundamental-data,Fundamental Data,ASI,1,MINVOL1M,MATRIX,1,63,219,1.1,[]
oth466_des_com_shs_out_eps_basic_q,Common Shares Used to Calculate Earnings Per Share - Basic,other466,Aggregated Fundamental Data ,fundamental,Fundamental,fundamental-fundamental-data,Fundamental Data,ASI,1,MINVOL1M,MATRIX,1,53,201,1.1,[]
oth466_des_com_shs_out_eps_dil_q,Common Shares Used to Calculate Fully Diluted Earnings Per Share,other466,Aggregated Fundamental Data ,fundamental,Fundamental,fundamental-fundamental-data,Fundamental Data,ASI,1,MINVOL1M,MATRIX,1,55,140,1.1,[]
oth466_des_com_shs_out_q,Common Shares Outstanding,other466,Aggregated Fundamental Data ,fundamental,Fundamental,fundamental-fundamental-data,Fundamental Data,ASI,1,MINVOL1M,MATRIX,1,58,206,1.1,[]
oth466_des_com_shs_out_secs_q,Common Shares Outstanding - Security,other466,Aggregated Fundamental Data ,fundamental,Fundamental,fundamental-fundamental-data,Fundamental Data,ASI,1,MINVOL1M,MATRIX,1,69,211,1.1,[]
oth466_des_common_shs,Common Shares Outstanding,other466,Aggregated Fundamental Data ,fundamental,Fundamental,fundamental-fundamental-data,Fundamental Data,ASI,1,MINVOL1M,MATRIX,1,56,170,1.1,[]
oth466_des_employee,Full-time Employees,other466,Aggregated Fundamental Data ,fundamental,Fundamental,fundamental-fundamental-data,Fundamental Data,ASI,1,MINVOL1M,MATRIX,1,34,80,1.1,[]
oth466_des_inven_days,Inventories Days Held,other466,Aggregated Fundamental Data ,fundamental,Fundamental,fundamental-fundamental-data,Fundamental Data,ASI,1,MINVOL1M,MATRIX,1,34,77,1.1,[]
oth466_des_mkt_cap_q,Market Capitalization,other466,Aggregated Fundamental Data ,fundamental,Fundamental,fundamental-fundamental-data,Fundamental Data,ASI,1,MINVOL1M,MATRIX,0.9736,36,76,1.1,[]
oth466_des_mkt_val_public,Market Capitalization (Public),other466,Aggregated Fundamental Data ,fundamental,Fundamental,fundamental-fundamental-data,Fundamental Data,ASI,1,MINVOL1M,MATRIX,0.979,32,49,1.1,[]
oth466_des_net_debt_q,Net Debt,other466,Aggregated Fundamental Data ,fundamental,Fundamental,fundamental-fundamental-data,Fundamental Data,ASI,1,MINVOL1M,MATRIX,1,65,263,1.1,[]
oth466_des_par_ps_q,Par Value,other466,Aggregated Fundamental Data ,fundamental,Fundamental,fundamental-fundamental-data,Fundamental Data,ASI,1,MINVOL1M,MATRIX,0.8058,19,22,1.1,[]
oth466_des_price_close,MARKET PRICE - FISCAL PERIOD CLOSE,other466,Aggregated Fundamental Data ,fundamental,Fundamental,fundamental-fundamental-data,Fundamental Data,ASI,1,MINVOL1M,MATRIX,1,31,42,1.1,[]
oth466_des_price_close_fp_q,MARKET PRICE - FISCAL PERIOD CLOSE,other466,Aggregated Fundamental Data ,fundamental,Fundamental,fundamental-fundamental-data,Fundamental Data,ASI,1,MINVOL1M,MATRIX,1,31,66,1.1,[]
oth466_des_receiv_turn_days,Accounts Receivables Days,other466,Aggregated Fundamental Data ,fundamental,Fundamental,fundamental-fundamental-data,Fundamental Data,ASI,1,MINVOL1M,MATRIX,1,36,68,1.1,[]
oth466_des_shs_closely_held,Shares - Number Of Closely Held,other466,Aggregated Fundamental Data ,fundamental,Fundamental,fundamental-fundamental-data,Fundamental Data,ASI,1,MINVOL1M,MATRIX,1,38,57,1.1,[]
oth466_des_treas_shs_q,Treasury Shares,other466,Aggregated Fundamental Data ,fundamental,Fundamental,fundamental-fundamental-data,Fundamental Data,ASI,1,MINVOL1M,MATRIX,0.3603,16,20,1.1,[]
oth466_des_wkcap_q,Working Capital,other466,Aggregated Fundamental Data ,fundamental,Fundamental,fundamental-fundamental-data,Fundamental Data,ASI,1,MINVOL1M,MATRIX,0.9251,20,45,1.1,[]
oth466_dpxe_tpc_fc,Capital Expenditures,other466,Aggregated Fundamental Data ,fundamental,Fundamental,fundamental-fundamental-data,Fundamental Data,ASI,1,MINVOL1M,MATRIX,1,52,166,1.1,[]
oth466_drox_cni_lid_spe_si,Diluted Earnings Per Share Including Extraordinary Items,other466,Aggregated Fundamental Data ,fundamental,Fundamental,fundamental-fundamental-data,Fundamental Data,ASI,1,MINVOL1M,MATRIX,1,49,119,1.1,[]
oth466_drox_xe_cni_si,Income Excl Extraordinary Items,other466,Aggregated Fundamental Data ,fundamental,Fundamental,fundamental-fundamental-data,Fundamental Data,ASI,1,MINVOL1M,MATRIX,1,36,70,1.1,[]
oth466_gf_nevni_sb,Inventories - Finished Goods,other466,Aggregated Fundamental Data ,fundamental,Fundamental,fundamental-fundamental-data,Fundamental Data,ASI,1,MINVOL1M,MATRIX,0.8893,53,101,1.1,[]
oth466_ghc_tvni_fc,Changes In Inventories,other466,Aggregated Fundamental Data ,fundamental,Fundamental,fundamental-fundamental-data,Fundamental Data,ASI,1,MINVOL1M,MATRIX,1,56,189,1.1,[]
oth466_gnhc_viecer_cca_fc,Accounts Receivable - Decrease (Increase),other466,Aggregated Fundamental Data ,fundamental,Fundamental,fundamental-fundamental-data,Fundamental Data,ASI,1,MINVOL1M,MATRIX,0.9828,50,92,1.1,[]
oth466_grhc_dfd_sb,Deferred Charges,other466,Aggregated Fundamental Data ,fundamental,Fundamental,fundamental-fundamental-data,Fundamental Data,ASI,1,MINVOL1M,MATRIX,0.7683,37,60,1.1,[]
oth466_hs_yst_fo_mun_sed,Treas Shares - Common Stock Primary Issue,other466,Aggregated Fundamental Data ,fundamental,Fundamental,fundamental-fundamental-data,Fundamental Data,ASI,1,MINVOL1M,MATRIX,0.4518,27,38,1.1,[]
oth466_hto_cni_pmoc_si,Comp Inc - Currency Trans Adj,other466,Aggregated Fundamental Data ,fundamental,Fundamental,fundamental-fundamental-data,Fundamental Data,ASI,1,MINVOL1M,MATRIX,0.2768,8,11,1.1,[]
oth466_hto_pxe_tni_si,Other Interest Expense - Banks,other466,Aggregated Fundamental Data ,fundamental,Fundamental,fundamental-fundamental-data,Fundamental Data,ASI,1,MINVOL1M,MATRIX,1,56,147,1.1,[]
oth466_hto_ts_viecer_sb,Other Receivables,other466,Aggregated Fundamental Data ,fundamental,Fundamental,fundamental-fundamental-data,Fundamental Data,ASI,1,MINVOL1M,MATRIX,0.8899,39,69,1.1,[]
oth466_htua_shs_moc_sed,Common Shares Authorized,other466,Aggregated Fundamental Data ,fundamental,Fundamental,fundamental-fundamental-data,Fundamental Data,ASI,1,MINVOL1M,MATRIX,0.5393,26,36,1.1,[]
oth466_is_amort_intang,Amortization of Intangibles,other466,Aggregated Fundamental Data ,fundamental,Fundamental,fundamental-fundamental-data,Fundamental Data,ASI,1,MINVOL1M,MATRIX,0.9437,49,105,1.1,[]
oth466_is_amort_intang_q,Amortization Of Intangibles,other466,Aggregated Fundamental Data ,fundamental,Fundamental,fundamental-fundamental-data,Fundamental Data,ASI,1,MINVOL1M,MATRIX,0.3198,21,35,1.1,[]
oth466_is_aud_fees,Audit Fees,other466,Aggregated Fundamental Data ,fundamental,Fundamental,fundamental-fundamental-data,Fundamental Data,ASI,1,MINVOL1M,MATRIX,1,49,127,1.1,[]
oth466_is_basic_eps_cont_ops_q,Basic EPS Before Abnormal Items,other466,Aggregated Fundamental Data ,fundamental,Fundamental,fundamental-fundamental-data,Fundamental Data,ASI,1,MINVOL1M,MATRIX,0.9085,190,676,1.1,[]
oth466_is_cogs,Cost of Goods Sold (COGS) incl D&A,other466,Aggregated Fundamental Data ,fundamental,Fundamental,fundamental-fundamental-data,Fundamental Data,ASI,1,MINVOL1M,MATRIX,1,53,120,1.1,[]
oth466_is_cogs_q,Cost of Goods Sold (COGS) incl D&A,other466,Aggregated Fundamental Data ,fundamental,Fundamental,fundamental-fundamental-data,Fundamental Data,ASI,1,MINVOL1M,MATRIX,0.9912,28,42,1.1,[]
oth466_is_cogs_xdep_q,COGS excluding D&A,other466,Aggregated Fundamental Data ,fundamental,Fundamental,fundamental-fundamental-data,Fundamental Data,ASI,1,MINVOL1M,MATRIX,1,36,62,1.1,[]
oth466_is_comprehensive_income,Comprehensive Income,other466,Aggregated Fundamental Data ,fundamental,Fundamental,fundamental-fundamental-data,Fundamental Data,ASI,1,MINVOL1M,MATRIX,0.5344,16,18,1.1,[]
oth466_is_consol_net_inc_q,Net Income - Consolidated,other466,Aggregated Fundamental Data ,fundamental,Fundamental,fundamental-fundamental-data,Fundamental Data,ASI,1,MINVOL1M,MATRIX,1,180,1147,1.1,[]
oth466_is_dep_amort_exp_q,Depreciation & Amortization,other466,Aggregated Fundamental Data ,fundamental,Fundamental,fundamental-fundamental-data,Fundamental Data,ASI,1,MINVOL1M,MATRIX,0.7678,35,53,1.1,[]
oth466_is_ebit_bef_unusual,"Earnings Before Interest, Taxes & Unusual Expense",other466,Aggregated Fundamental Data ,fundamental,Fundamental,fundamental-fundamental-data,Fundamental Data,ASI,1,MINVOL1M,MATRIX,1,58,150,1.1,[]
oth466_is_ebit_oper_ps,Operating Profit Per Share,other466,Aggregated Fundamental Data ,fundamental,Fundamental,fundamental-fundamental-data,Fundamental Data,ASI,1,MINVOL1M,MATRIX,1,57,128,1.1,[]
oth466_is_ebit_oper_q,EBIT (Operating Income),other466,Aggregated Fundamental Data ,fundamental,Fundamental,fundamental-fundamental-data,Fundamental Data,ASI,1,MINVOL1M,MATRIX,1,179,931,1.1,[]
oth466_is_ebitda_bef_unusual,EBITDA Before Unusual Expenses,other466,Aggregated Fundamental Data ,fundamental,Fundamental,fundamental-fundamental-data,Fundamental Data,ASI,1,MINVOL1M,MATRIX,1,42,68,1.1,[]
oth466_is_ebitda_oper_q,EBITDA (Operating Income plus Depreciation & Amortization Exp),other466,Aggregated Fundamental Data ,fundamental,Fundamental,fundamental-fundamental-data,Fundamental Data,ASI,1,MINVOL1M,MATRIX,0.9287,154,704,1.1,[]
oth466_is_ebitda_q,"Earnings before Interest, Taxes, Depreciation & Amortization (EBITDA)",other466,Aggregated Fundamental Data ,fundamental,Fundamental,fundamental-fundamental-data,Fundamental Data,ASI,1,MINVOL1M,MATRIX,0.9501,67,162,1.1,[]
oth466_is_eps_aft_xord,Earnings Per Share After Extraordinary Items,other466,Aggregated Fundamental Data ,fundamental,Fundamental,fundamental-fundamental-data,Fundamental Data,ASI,1,MINVOL1M,MATRIX,1,60,186,1.1,[]
oth466_is_eps_basic,Basic Earnings Per Share,other466,Aggregated Fundamental Data ,fundamental,Fundamental,fundamental-fundamental-data,Fundamental Data,ASI,1,MINVOL1M,MATRIX,1,62,169,1.1,[]
oth466_is_eps_basic_ex_xord,Basic Earnings Per Share Excluding Extraordinary Items,other466,Aggregated Fundamental Data ,fundamental,Fundamental,fundamental-fundamental-data,Fundamental Data,ASI,1,MINVOL1M,MATRIX,1,52,114,1.1,[]
oth466_is_eps_basic_inc_xord,Basic Earnings Per Share Including Extraordinary Items,other466,Aggregated Fundamental Data ,fundamental,Fundamental,fundamental-fundamental-data,Fundamental Data,ASI,1,MINVOL1M,MATRIX,1,46,106,1.1,[]
oth466_is_eps_basic_q,EPS - Basic,other466,Aggregated Fundamental Data ,fundamental,Fundamental,fundamental-fundamental-data,Fundamental Data,ASI,1,MINVOL1M,MATRIX,1,83,307,1.1,[]
oth466_is_eps_contin_oper_q,Earnings Per Share from Continuing Operations - Fiscal,other466,Aggregated Fundamental Data ,fundamental,Fundamental,fundamental-fundamental-data,Fundamental Data,ASI,1,MINVOL1M,MATRIX,0.748,58,146,1.1,[]
oth466_is_eps_dil_aft_xord,Diluted Earnings Per Share Excluding Extraordinary Items,other466,Aggregated Fundamental Data ,fundamental,Fundamental,fundamental-fundamental-data,Fundamental Data,ASI,1,MINVOL1M,MATRIX,1,44,120,1.1,[]
oth466_is_eps_dil_aft_xord_q,Diluted EPS Including Extraordinary,other466,Aggregated Fundamental Data ,fundamental,Fundamental,fundamental-fundamental-data,Fundamental Data,ASI,1,MINVOL1M,MATRIX,1,140,622,1.1,[]
oth466_is_exc_tax_q,Excise Taxes Payments,other466,Aggregated Fundamental Data ,fundamental,Fundamental,fundamental-fundamental-data,Fundamental Data,ASI,1,MINVOL1M,MATRIX,0.5379,6,7,1.1,[]
oth466_is_for_exch_inc,Foreign Exchange Income (Loss),other466,Aggregated Fundamental Data ,fundamental,Fundamental,fundamental-fundamental-data,Fundamental Data,ASI,1,MINVOL1M,MATRIX,0.4423,16,35,1.1,[]
oth466_is_gross_inc_q,Gross Profit,other466,Aggregated Fundamental Data ,fundamental,Fundamental,fundamental-fundamental-data,Fundamental Data,ASI,1,MINVOL1M,MATRIX,0.9997,120,708,1.1,[]
oth466_is_gross_prof,Gross Profit,other466,Aggregated Fundamental Data ,fundamental,Fundamental,fundamental-fundamental-data,Fundamental Data,ASI,1,MINVOL1M,MATRIX,0.9451,26,47,1.1,[]
oth466_is_inc_common_ex_xord,Income Available To Common Excl Extraordinary Items,other466,Aggregated Fundamental Data ,fundamental,Fundamental,fundamental-fundamental-data,Fundamental Data,ASI,1,MINVOL1M,MATRIX,1,36,64,1.1,[]
oth466_is_inc_pre_tax,Pretax Income,other466,Aggregated Fundamental Data ,fundamental,Fundamental,fundamental-fundamental-data,Fundamental Data,ASI,1,MINVOL1M,MATRIX,1,40,73,1.1,[]
oth466_is_inc_tax_curr,Current Income Taxes,other466,Aggregated Fundamental Data ,fundamental,Fundamental,fundamental-fundamental-data,Fundamental Data,ASI,1,MINVOL1M,MATRIX,1,40,80,1.1,[]
oth466_is_inc_tax_curr_dom,Current Income Taxes - Domestic,other466,Aggregated Fundamental Data ,fundamental,Fundamental,fundamental-fundamental-data,Fundamental Data,ASI,1,MINVOL1M,MATRIX,0.9775,40,70,1.1,[]
oth466_is_inc_tax_dfd_tot,Total Deferred Income Tax,other466,Aggregated Fundamental Data ,fundamental,Fundamental,fundamental-fundamental-data,Fundamental Data,ASI,1,MINVOL1M,MATRIX,1,29,41,1.1,[]
oth466_is_inc_tax_exp,Income Taxes - Total,other466,Aggregated Fundamental Data ,fundamental,Fundamental,fundamental-fundamental-data,Fundamental Data,ASI,1,MINVOL1M,MATRIX,1,42,77,1.1,[]
oth466_is_inc_tax_q,Income Taxes,other466,Aggregated Fundamental Data ,fundamental,Fundamental,fundamental-fundamental-data,Fundamental Data,ASI,1,MINVOL1M,MATRIX,1,41,78,1.1,[]
oth466_is_int_exp_debt,Total Interest Expenses (Industrials),other466,Aggregated Fundamental Data ,fundamental,Fundamental,fundamental-fundamental-data,Fundamental Data,ASI,1,MINVOL1M,MATRIX,1,51,107,1.1,[]
oth466_is_int_exp_debt_q,Interest Expense on Debt,other466,Aggregated Fundamental Data ,fundamental,Fundamental,fundamental-fundamental-data,Fundamental Data,ASI,1,MINVOL1M,MATRIX,0.8551,53,173,1.1,[]
oth466_is_int_exp_net,"Interest Expense, Net of Interest Capitalized",other466,Aggregated Fundamental Data ,fundamental,Fundamental,fundamental-fundamental-data,Fundamental Data,ASI,1,MINVOL1M,MATRIX,1,49,129,1.1,[]
oth466_is_int_exp_net_q,"Interest Expense, Net of Interest Capitalized",other466,Aggregated Fundamental Data ,fundamental,Fundamental,fundamental-fundamental-data,Fundamental Data,ASI,1,MINVOL1M,MATRIX,0.8971,60,212,1.1,[]
oth466_is_int_inc_non_oper,Interest Income - Non-Operating,other466,Aggregated Fundamental Data ,fundamental,Fundamental,fundamental-fundamental-data,Fundamental Data,ASI,1,MINVOL1M,MATRIX,1,32,50,1.1,[]
oth466_is_int_relate_inc,Interest And Related Income - Total,other466,Aggregated Fundamental Data ,fundamental,Fundamental,fundamental-fundamental-data,Fundamental Data,ASI,1,MINVOL1M,MATRIX,0.814,31,48,1.1,[]
oth466_is_min_int_exp_q,Minority Interest Expense,other466,Aggregated Fundamental Data ,fundamental,Fundamental,fundamental-fundamental-data,Fundamental Data,ASI,1,MINVOL1M,MATRIX,0.8503,24,33,1.1,[]
oth466_is_min_noncontrol_interest_credits,Minority/Non-Controlling Interests (Credits),other466,Aggregated Fundamental Data ,fundamental,Fundamental,fundamental-fundamental-data,Fundamental Data,ASI,1,MINVOL1M,MATRIX,0.9031,36,54,1.1,[]
oth466_is_net_inc,Net Income,other466,Aggregated Fundamental Data ,fundamental,Fundamental,fundamental-fundamental-data,Fundamental Data,ASI,1,MINVOL1M,MATRIX,1,66,222,1.1,[]
oth466_is_net_inc_basic_aft_xord_q,Net Income Available to Common - Basic - After Extraordinaries,other466,Aggregated Fundamental Data ,fundamental,Fundamental,fundamental-fundamental-data,Fundamental Data,ASI,1,MINVOL1M,MATRIX,1,96,374,1.1,[]
oth466_is_net_inc_basic_beft_xord_q,Income Before Extraordinary Items,other466,Aggregated Fundamental Data ,fundamental,Fundamental,fundamental-fundamental-data,Fundamental Data,ASI,1,MINVOL1M,MATRIX,1,74,253,1.1,[]
oth466_is_net_inc_basic_q,Net Income Available to Common - Basic,other466,Aggregated Fundamental Data ,fundamental,Fundamental,fundamental-fundamental-data,Fundamental Data,ASI,1,MINVOL1M,MATRIX,1,133,803,1.1,[]
oth466_is_net_inc_cm_q,Income Available to Common,other466,Aggregated Fundamental Data ,fundamental,Fundamental,fundamental-fundamental-data,Fundamental Data,ASI,1,MINVOL1M,MATRIX,1,70,224,1.1,[]
oth466_is_net_inc_dil,Diluted Net Income,other466,Aggregated Fundamental Data ,fundamental,Fundamental,fundamental-fundamental-data,Fundamental Data,ASI,1,MINVOL1M,MATRIX,1,28,40,1.1,[]
oth466_is_net_inc_dil_q,Diluted Net Income,other466,Aggregated Fundamental Data ,fundamental,Fundamental,fundamental-fundamental-data,Fundamental Data,ASI,1,MINVOL1M,MATRIX,1,63,168,1.1,[]
oth466_is_net_profit_12m_q,Trailing 12 Months Net Profit,other466,Aggregated Fundamental Data ,fundamental,Fundamental,fundamental-fundamental-data,Fundamental Data,ASI,1,MINVOL1M,MATRIX,0.9578,59,128,1.1,[]
oth466_is_oper_exp_q,Total Operating Expense,other466,Aggregated Fundamental Data ,fundamental,Fundamental,fundamental-fundamental-data,Fundamental Data,ASI,1,MINVOL1M,MATRIX,1,55,174,1.1,[]
oth466_is_oper_inc_bef_dep_q,Operating Income Before Depreciation,other466,Aggregated Fundamental Data ,fundamental,Fundamental,fundamental-fundamental-data,Fundamental Data,ASI,1,MINVOL1M,MATRIX,0.7888,88,264,1.1,[]
oth466_is_oper_inc_q,Operating Income,other466,Aggregated Fundamental Data ,fundamental,Fundamental,fundamental-fundamental-data,Fundamental Data,ASI,1,MINVOL1M,MATRIX,1,124,514,1.1,[]
oth466_is_oper_lease_exp,Rental/Operating Lease Expense,other466,Aggregated Fundamental Data ,fundamental,Fundamental,fundamental-fundamental-data,Fundamental Data,ASI,1,MINVOL1M,MATRIX,0.706,37,51,1.1,[]
oth466_is_oper_prov,Operating Provisions,other466,Aggregated Fundamental Data ,fundamental,Fundamental,fundamental-fundamental-data,Fundamental Data,ASI,1,MINVOL1M,MATRIX,0.3376,3,3,1.1,[]
oth466_is_pens_bnfit_oblig_proj,Pension - Projected Benefit Obligation,other466,Aggregated Fundamental Data ,fundamental,Fundamental,fundamental-fundamental-data,Fundamental Data,ASI,1,MINVOL1M,MATRIX,0.4732,34,65,1.1,[]
oth466_is_pens_cost_int,Pension - Interest Cost,other466,Aggregated Fundamental Data ,fundamental,Fundamental,fundamental-fundamental-data,Fundamental Data,ASI,1,MINVOL1M,MATRIX,0.434,7,8,1.1,[]
oth466_is_pens_cost_serv,Pension - Pension Service Costs,other466,Aggregated Fundamental Data ,fundamental,Fundamental,fundamental-fundamental-data,Fundamental Data,ASI,1,MINVOL1M,MATRIX,0.4538,15,18,1.1,[]
oth466_is_pens_roa,Pension - Expected Return On Plan Assets,other466,Aggregated Fundamental Data ,fundamental,Fundamental,fundamental-fundamental-data,Fundamental Data,ASI,1,MINVOL1M,MATRIX,0.3855,5,7,1.1,[]
oth466_is_personnel_exp,Staff Expense - Total,other466,Aggregated Fundamental Data ,fundamental,Fundamental,fundamental-fundamental-data,Fundamental Data,ASI,1,MINVOL1M,MATRIX,0.8162,37,50,1.1,[]
oth466_is_ppe_impair_q,"Impairment of Property, Plant & Equipment",other466,Aggregated Fundamental Data ,fundamental,Fundamental,fundamental-fundamental-data,Fundamental Data,ASI,1,MINVOL1M,MATRIX,0.3807,6,6,1.1,[]
oth466_is_pre_tax_prf,Pretax Profit,other466,Aggregated Fundamental Data ,fundamental,Fundamental,fundamental-fundamental-data,Fundamental Data,ASI,1,MINVOL1M,MATRIX,1,47,109,1.1,[]
oth466_is_ptx_inc_norm_q,Normalized Income Before Taxes,other466,Aggregated Fundamental Data ,fundamental,Fundamental,fundamental-fundamental-data,Fundamental Data,ASI,1,MINVOL1M,MATRIX,0.922,170,941,1.1,[]
oth466_is_rd_expend,Research And Development Expense,other466,Aggregated Fundamental Data ,fundamental,Fundamental,fundamental-fundamental-data,Fundamental Data,ASI,1,MINVOL1M,MATRIX,0.7614,59,181,1.1,[]
oth466_is_revenue_q,Total Revenue,other466,Aggregated Fundamental Data ,fundamental,Fundamental,fundamental-fundamental-data,Fundamental Data,ASI,1,MINVOL1M,MATRIX,1,46,106,1.1,[]
oth466_is_revt,Total Revenue,other466,Aggregated Fundamental Data ,fundamental,Fundamental,fundamental-fundamental-data,Fundamental Data,ASI,1,MINVOL1M,MATRIX,1,34,57,1.1,[]
oth466_is_sales_intl,International Sales,other466,Aggregated Fundamental Data ,fundamental,Fundamental,fundamental-fundamental-data,Fundamental Data,ASI,1,MINVOL1M,MATRIX,0.6632,19,48,1.1,[]
oth466_is_sales_q,Total Sales,other466,Aggregated Fundamental Data ,fundamental,Fundamental,fundamental-fundamental-data,Fundamental Data,ASI,1,MINVOL1M,MATRIX,1,95,265,1.1,[]
oth466_is_sga_tot_q,"Selling/General/Admin. Expenses, Total",other466,Aggregated Fundamental Data ,fundamental,Fundamental,fundamental-fundamental-data,Fundamental Data,ASI,1,MINVOL1M,MATRIX,0.951,45,117,1.1,[]
oth466_is_spc_item,Total Special Items,other466,Aggregated Fundamental Data ,fundamental,Fundamental,fundamental-fundamental-data,Fundamental Data,ASI,1,MINVOL1M,MATRIX,0.9251,9,10,1.1,[]
oth466_is_tot_pens_exp,Total Pension Expense,other466,Aggregated Fundamental Data ,fundamental,Fundamental,fundamental-fundamental-data,Fundamental Data,ASI,1,MINVOL1M,MATRIX,0.4131,14,41,1.1,[]
oth466_is_ut_operation_exp,Operation Expenses Total,other466,Aggregated Fundamental Data ,fundamental,Fundamental,fundamental-fundamental-data,Fundamental Data,ASI,1,MINVOL1M,MATRIX,1,41,65,1.1,[]
oth466_pd_fc,Depreciation And Amortization,other466,Aggregated Fundamental Data ,fundamental,Fundamental,fundamental-fundamental-data,Fundamental Data,ASI,1,MINVOL1M,MATRIX,1,56,133,1.1,[]
oth466_piw_nevni_sb,Inventories - Work In Progress,other466,Aggregated Fundamental Data ,fundamental,Fundamental,fundamental-fundamental-data,Fundamental Data,ASI,1,MINVOL1M,MATRIX,0.808,42,90,1.1,[]
oth466_pxe_ped_si,Depreciation & Amortization (Cash Flow),other466,Aggregated Fundamental Data ,fundamental,Fundamental,fundamental-fundamental-data,Fundamental Data,ASI,1,MINVOL1M,MATRIX,1,54,96,1.1,[]
oth466_pxe_rcca_sb,Accrued Expenses,other466,Aggregated Fundamental Data ,fundamental,Fundamental,fundamental-fundamental-data,Fundamental Data,ASI,1,MINVOL1M,MATRIX,1,37,52,1.1,[]
oth466_pxe_vda_si,Advertising Expense,other466,Aggregated Fundamental Data ,fundamental,Fundamental,fundamental-fundamental-data,Fundamental Data,ASI,1,MINVOL1M,MATRIX,0.4536,8,8,1.1,[]
oth466_q_aor_tr,Return on Assets,other466,Aggregated Fundamental Data ,fundamental,Fundamental,fundamental-fundamental-data,Fundamental Data,ASI,1,MINVOL1M,MATRIX,0.912,89,285,1.1,[]
oth466_q_cni_ffa_qe_si,Equity in Affiliates,other466,Aggregated Fundamental Data ,fundamental,Fundamental,fundamental-fundamental-data,Fundamental Data,ASI,1,MINVOL1M,MATRIX,0.5535,25,32,1.1,[]
oth466_q_cni_xtp_si,Pretax Income,other466,Aggregated Fundamental Data ,fundamental,Fundamental,fundamental-fundamental-data,Fundamental Data,ASI,1,MINVOL1M,MATRIX,1,141,645,1.1,[]
oth466_q_crp_vni_sb,Inventories - Work In Progress,other466,Aggregated Fundamental Data ,fundamental,Fundamental,fundamental-fundamental-data,Fundamental Data,ASI,1,MINVOL1M,MATRIX,0.4601,8,14,1.1,[]
oth466_q_drox_spe_si,Earnings Per Share incl. Extraordinary Items,other466,Aggregated Fundamental Data ,fundamental,Fundamental,fundamental-fundamental-data,Fundamental Data,ASI,1,MINVOL1M,MATRIX,1,90,278,1.1,[]
oth466_q_drox_xe_lid_spe_si,Diluted EPS Excluding Extraordinary Items,other466,Aggregated Fundamental Data ,fundamental,Fundamental,fundamental-fundamental-data,Fundamental Data,ASI,1,MINVOL1M,MATRIX,1,57,125,1.1,[]
oth466_q_fc_pxe_ped_si,Depreciation & Amortization (Cash Flow),other466,Aggregated Fundamental Data ,fundamental,Fundamental,fundamental-fundamental-data,Fundamental Data,ASI,1,MINVOL1M,MATRIX,0.6549,32,65,1.1,[]
oth466_q_grhc_drox_xtp_si,Extraordinary Charge - Pretax,other466,Aggregated Fundamental Data ,fundamental,Fundamental,fundamental-fundamental-data,Fundamental Data,ASI,1,MINVOL1M,MATRIX,0.4873,9,9,1.1,[]
oth466_q_hto_jda_rpmoc_hto_qe_moc_si,Accum Other Comp Inc - Other Adjustments,other466,Aggregated Fundamental Data ,fundamental,Fundamental,fundamental-fundamental-data,Fundamental Data,ASI,1,MINVOL1M,MATRIX,0.3627,2,3,1.1,[]
oth466_q_hto_sbail_sb,"Other Liabilities, Total",other466,Aggregated Fundamental Data ,fundamental,Fundamental,fundamental-fundamental-data,Fundamental Data,ASI,1,MINVOL1M,MATRIX,1,25,46,1.1,[]
oth466_q_hto_viecer_sb,Other Receivables,other466,Aggregated Fundamental Data ,fundamental,Fundamental,fundamental-fundamental-data,Fundamental Data,ASI,1,MINVOL1M,MATRIX,0.7621,37,58,1.1,[]
oth466_q_lg_qe_moc_sb,Unrealized Gain/Loss On Marketable Securities,other466,Aggregated Fundamental Data ,fundamental,Fundamental,fundamental-fundamental-data,Fundamental Data,ASI,1,MINVOL1M,MATRIX,0.4084,6,9,1.1,[]
oth466_q_mr_vni_sb,Inventories - Raw Materials,other466,Aggregated Fundamental Data ,fundamental,Fundamental,fundamental-fundamental-data,Fundamental Data,ASI,1,MINVOL1M,MATRIX,0.4868,26,29,1.1,[]
oth466_q_nf_vni_sb,Inventories - Finished Goods,other466,Aggregated Fundamental Data ,fundamental,Fundamental,fundamental-fundamental-data,Fundamental Data,ASI,1,MINVOL1M,MATRIX,0.5054,23,35,1.1,[]
oth466_q_ngm_xtp_tr,Pre-tax Margin,other466,Aggregated Fundamental Data ,fundamental,Fundamental,fundamental-fundamental-data,Fundamental Data,ASI,1,MINVOL1M,MATRIX,1,125,509,1.1,[]
oth466_q_ped_epp_sb,Accumulated Depreciation,other466,Aggregated Fundamental Data ,fundamental,Fundamental,fundamental-fundamental-data,Fundamental Data,ASI,1,MINVOL1M,MATRIX,0.8282,15,24,1.1,[]
oth466_q_pxe_ags_si,"Selling, General & Administrative Expense",other466,Aggregated Fundamental Data ,fundamental,Fundamental,fundamental-fundamental-data,Fundamental Data,ASI,1,MINVOL1M,MATRIX,0.9502,53,136,1.1,[]
oth466_q_pxe_dr_si,Research & Development,other466,Aggregated Fundamental Data ,fundamental,Fundamental,fundamental-fundamental-data,Fundamental Data,ASI,1,MINVOL1M,MATRIX,0.3316,23,44,1.1,[]
oth466_q_pxe_rcca_sb,Accrued Expenses,other466,Aggregated Fundamental Data ,fundamental,Fundamental,fundamental-fundamental-data,Fundamental Data,ASI,1,MINVOL1M,MATRIX,0.7923,54,175,1.1,[]
oth466_q_qe_moc_dtl_tr,Long Term Debt % Common Equity,other466,Aggregated Fundamental Data ,fundamental,Fundamental,fundamental-fundamental-data,Fundamental Data,ASI,1,MINVOL1M,MATRIX,0.7775,38,66,1.1,[]
oth466_q_qe_moc_sb,Common Equity,other466,Aggregated Fundamental Data ,fundamental,Fundamental,fundamental-fundamental-data,Fundamental Data,ASI,1,MINVOL1M,MATRIX,1,56,225,1.1,[]
oth466_q_qe_srdlhs_sb,Total Shareholders' Equity,other466,Aggregated Fundamental Data ,fundamental,Fundamental,fundamental-fundamental-data,Fundamental Data,ASI,1,MINVOL1M,MATRIX,1,63,373,1.1,[]
oth466_q_qe_srdlhs_sbail_sb,Liabilities & Stockholders' Equity - Total,other466,Aggregated Fundamental Data ,fundamental,Fundamental,fundamental-fundamental-data,Fundamental Data,ASI,1,MINVOL1M,MATRIX,1,29,55,1.1,[]
oth466_q_rc_drox_xtp_si,Extraordinary Credit - Pretax,other466,Aggregated Fundamental Data ,fundamental,Fundamental,fundamental-fundamental-data,Fundamental Data,ASI,1,MINVOL1M,MATRIX,0.411,7,8,1.1,[]
oth466_q_rg_qe_moc_tr,Equity Growth,other466,Aggregated Fundamental Data ,fundamental,Fundamental,fundamental-fundamental-data,Fundamental Data,ASI,1,MINVOL1M,MATRIX,0.9117,53,96,1.1,[]
oth466_q_rg_spb_tr,Book Value Per Share Growth %,other466,Aggregated Fundamental Data ,fundamental,Fundamental,fundamental-fundamental-data,Fundamental Data,ASI,1,MINVOL1M,MATRIX,0.902,37,82,1.1,[]
oth466_q_spb_sb,Book Value Per Share,other466,Aggregated Fundamental Data ,fundamental,Fundamental,fundamental-fundamental-data,Fundamental Data,ASI,1,MINVOL1M,MATRIX,0.9577,42,81,1.1,[]
oth466_q_ts_viecer_sb,Short-term Receivables,other466,Aggregated Fundamental Data ,fundamental,Fundamental,fundamental-fundamental-data,Fundamental Data,ASI,1,MINVOL1M,MATRIX,0.997,51,87,1.1,[]
oth466_q_xtp_cni_ffa_qe_si,Pre-tax Equity in Earnings,other466,Aggregated Fundamental Data ,fundamental,Fundamental,fundamental-fundamental-data,Fundamental Data,ASI,1,MINVOL1M,MATRIX,0.3431,5,9,1.1,[]
oth466_qe_moc_dtl_tr,Long-Term Debt % Common Equity,other466,Aggregated Fundamental Data ,fundamental,Fundamental,fundamental-fundamental-data,Fundamental Data,ASI,1,MINVOL1M,MATRIX,0.9093,43,100,1.1,[]
oth466_rg_pme_tr,Employee Growth,other466,Aggregated Fundamental Data ,fundamental,Fundamental,fundamental-fundamental-data,Fundamental Data,ASI,1,MINVOL1M,MATRIX,1,36,79,1.1,[]
oth466_rg_qe_moc_tr,Equity Growth,other466,Aggregated Fundamental Data ,fundamental,Fundamental,fundamental-fundamental-data,Fundamental Data,ASI,1,MINVOL1M,MATRIX,1,37,61,1.1,[]
oth466_rg_spd_tr,Dividends Per Share Growth,other466,Aggregated Fundamental Data ,fundamental,Fundamental,fundamental-fundamental-data,Fundamental Data,ASI,1,MINVOL1M,MATRIX,0.7245,46,87,1.1,[]
oth466_rpo_cni_si,Operating Income,other466,Aggregated Fundamental Data ,fundamental,Fundamental,fundamental-fundamental-data,Fundamental Data,ASI,1,MINVOL1M,MATRIX,1,43,78,1.1,[]
oth466_rt_asset_turn_q,Total Asset Turnover,other466,Aggregated Fundamental Data ,fundamental,Fundamental,fundamental-fundamental-data,Fundamental Data,ASI,1,MINVOL1M,MATRIX,0.9099,44,81,1.1,[]
oth466_rt_assets_com_eq,Total Assets / Common Equity Ratio,other466,Aggregated Fundamental Data ,fundamental,Fundamental,fundamental-fundamental-data,Fundamental Data,ASI,1,MINVOL1M,MATRIX,1,36,84,1.1,[]
oth466_rt_assets_com_eq_q,Total Assets / Common Equity Ratio,other466,Aggregated Fundamental Data ,fundamental,Fundamental,fundamental-fundamental-data,Fundamental Data,ASI,1,MINVOL1M,MATRIX,1,50,114,1.1,[]
oth466_rt_assets_gr,Total Assets Growth,other466,Aggregated Fundamental Data ,fundamental,Fundamental,fundamental-fundamental-data,Fundamental Data,ASI,1,MINVOL1M,MATRIX,1,38,73,1.1,[]
oth466_rt_assets_gr_q,Total Assets Growth,other466,Aggregated Fundamental Data ,fundamental,Fundamental,fundamental-fundamental-data,Fundamental Data,ASI,1,MINVOL1M,MATRIX,0.9163,39,62,1.1,[]
oth466_rt_assets_per_emp,Assets Per Employee,other466,Aggregated Fundamental Data ,fundamental,Fundamental,fundamental-fundamental-data,Fundamental Data,ASI,1,MINVOL1M,MATRIX,1,51,95,1.1,[]
oth466_rt_capex_assets,Capital Expenditure % Total Assets,other466,Aggregated Fundamental Data ,fundamental,Fundamental,fundamental-fundamental-data,Fundamental Data,ASI,1,MINVOL1M,MATRIX,1,50,92,1.1,[]
oth466_rt_capex_assets_q,Capital Expenditures % Total Assets,other466,Aggregated Fundamental Data ,fundamental,Fundamental,fundamental-fundamental-data,Fundamental Data,ASI,1,MINVOL1M,MATRIX,0.8139,45,63,1.1,[]
oth466_rt_capex_fix_assets,Capital Expenditure % Gross Fixed Assets,other466,Aggregated Fundamental Data ,fundamental,Fundamental,fundamental-fundamental-data,Fundamental Data,ASI,1,MINVOL1M,MATRIX,1,34,50,1.1,[]
oth466_rt_capex_sales_q,Capital Expenditures % Sales,other466,Aggregated Fundamental Data ,fundamental,Fundamental,fundamental-fundamental-data,Fundamental Data,ASI,1,MINVOL1M,MATRIX,0.8538,46,88,1.1,[]
oth466_rt_cash_curr_assets,Cash & Equivalents % Total Current Assets,other466,Aggregated Fundamental Data ,fundamental,Fundamental,fundamental-fundamental-data,Fundamental Data,ASI,1,MINVOL1M,MATRIX,1,45,108,1.1,[]
oth466_rt_cash_curr_assets_q,Cash & Short-term Investments % Total Current Assets,other466,Aggregated Fundamental Data ,fundamental,Fundamental,fundamental-fundamental-data,Fundamental Data,ASI,1,MINVOL1M,MATRIX,0.9196,53,198,1.1,[]
oth466_rt_cash_div_covg_ratio,Cash Dividend Coverage Ratio,other466,Aggregated Fundamental Data ,fundamental,Fundamental,fundamental-fundamental-data,Fundamental Data,ASI,1,MINVOL1M,MATRIX,0.9225,46,107,1.1,[]
oth466_rt_cash_roce,Cash Earnings Return On Equity,other466,Aggregated Fundamental Data ,fundamental,Fundamental,fundamental-fundamental-data,Fundamental Data,ASI,1,MINVOL1M,MATRIX,1,64,182,1.1,[]
oth466_rt_cf_sales_q,Cash Flow/Sales,other466,Aggregated Fundamental Data ,fundamental,Fundamental,fundamental-fundamental-data,Fundamental Data,ASI,1,MINVOL1M,MATRIX,0.8887,91,417,1.1,[]
oth466_rt_cogs_sales,Cost Of Goods Sold / Sales #,other466,Aggregated Fundamental Data ,fundamental,Fundamental,fundamental-fundamental-data,Fundamental Data,ASI,1,MINVOL1M,MATRIX,1,50,182,1.1,[]
oth466_rt_com_eq_assets_q,Common Equity % Total Assets,other466,Aggregated Fundamental Data ,fundamental,Fundamental,fundamental-fundamental-data,Fundamental Data,ASI,1,MINVOL1M,MATRIX,1,40,61,1.1,[]
oth466_rt_com_eq_tcap,Common Equity % Total Capital,other466,Aggregated Fundamental Data ,fundamental,Fundamental,fundamental-fundamental-data,Fundamental Data,ASI,1,MINVOL1M,MATRIX,1,49,132,1.1,[]
oth466_rt_curr_ratio_q,Current Ratio,other466,Aggregated Fundamental Data ,fundamental,Fundamental,fundamental-fundamental-data,Fundamental Data,ASI,1,MINVOL1M,MATRIX,1,59,161,1.1,[]
oth466_rt_current_ratio,Current Ratio,other466,Aggregated Fundamental Data ,fundamental,Fundamental,fundamental-fundamental-data,Fundamental Data,ASI,1,MINVOL1M,MATRIX,0.9973,37,108,1.1,[]
oth466_rt_debt_assets_q,Total Debt % Total Assets,other466,Aggregated Fundamental Data ,fundamental,Fundamental,fundamental-fundamental-data,Fundamental Data,ASI,1,MINVOL1M,MATRIX,0.9388,53,164,1.1,[]
oth466_rt_debt_com_eq,Total Debt % Common Equity,other466,Aggregated Fundamental Data ,fundamental,Fundamental,fundamental-fundamental-data,Fundamental Data,ASI,1,MINVOL1M,MATRIX,1,55,164,1.1,[]
oth466_rt_debt_com_eq_q,Total Debt % Common Equity,other466,Aggregated Fundamental Data ,fundamental,Fundamental,fundamental-fundamental-data,Fundamental Data,ASI,1,MINVOL1M,MATRIX,0.94,50,118,1.1,[]
oth466_rt_dep_accum_fix_assets,Depreciation (Accumulated) % Gross Fixed Assets,other466,Aggregated Fundamental Data ,fundamental,Fundamental,fundamental-fundamental-data,Fundamental Data,ASI,1,MINVOL1M,MATRIX,1,35,65,1.1,[]
oth466_rt_div_yld,Dividend Yield Close,other466,Aggregated Fundamental Data ,fundamental,Fundamental,fundamental-fundamental-data,Fundamental Data,ASI,1,MINVOL1M,MATRIX,0.9325,48,94,1.1,[]
oth466_rt_earn_assets_avail_funds,Earning Assets % Total Available Funds,other466,Aggregated Fundamental Data ,fundamental,Fundamental,fundamental-fundamental-data,Fundamental Data,ASI,1,MINVOL1M,MATRIX,0.2956,4,6,1.1,[]
oth466_rt_earn_yld,Earnings Yield Close,other466,Aggregated Fundamental Data ,fundamental,Fundamental,fundamental-fundamental-data,Fundamental Data,ASI,1,MINVOL1M,MATRIX,1,40,53,1.1,[]
oth466_rt_ebit_oper_fix_chrg_covg,Fixed Charge Coverage Ratio,other466,Aggregated Fundamental Data ,fundamental,Fundamental,fundamental-fundamental-data,Fundamental Data,ASI,1,MINVOL1M,MATRIX,1,45,87,1.1,[]
oth466_rt_ebit_oper_fix_chrg_covg_q,Fixed Charge Coverage Ratio,other466,Aggregated Fundamental Data ,fundamental,Fundamental,fundamental-fundamental-data,Fundamental Data,ASI,1,MINVOL1M,MATRIX,0.8042,66,149,1.1,[]
oth466_rt_ebit_oper_mgn_q,Operating Margin,other466,Aggregated Fundamental Data ,fundamental,Fundamental,fundamental-fundamental-data,Fundamental Data,ASI,1,MINVOL1M,MATRIX,1,97,274,1.1,[]
oth466_rt_eff_int_rate,Interest Rate Estimated Average,other466,Aggregated Fundamental Data ,fundamental,Fundamental,fundamental-fundamental-data,Fundamental Data,ASI,1,MINVOL1M,MATRIX,1,49,104,1.1,[]
oth466_rt_fix_assets_com_eq,Fixed Assets % Common Equity,other466,Aggregated Fundamental Data ,fundamental,Fundamental,fundamental-fundamental-data,Fundamental Data,ASI,1,MINVOL1M,MATRIX,1,53,93,1.1,[]
oth466_rt_fix_assets_com_eq_q,Fixed Assets % Common Equity,other466,Aggregated Fundamental Data ,fundamental,Fundamental,fundamental-fundamental-data,Fundamental Data,ASI,1,MINVOL1M,MATRIX,0.996,61,158,1.1,[]
oth466_rt_for_asset_turn,Foreign Asset Turnover,other466,Aggregated Fundamental Data ,fundamental,Fundamental,fundamental-fundamental-data,Fundamental Data,ASI,1,MINVOL1M,MATRIX,0.329,14,14,1.1,[]
oth466_rt_for_assets_pct,Foreign Assets % Total Assets,other466,Aggregated Fundamental Data ,fundamental,Fundamental,fundamental-fundamental-data,Fundamental Data,ASI,1,MINVOL1M,MATRIX,0.3278,26,29,1.1,[]
oth466_rt_for_sales_pct,Foreign Sales % Total Sales,other466,Aggregated Fundamental Data ,fundamental,Fundamental,fundamental-fundamental-data,Fundamental Data,ASI,1,MINVOL1M,MATRIX,0.6374,35,71,1.1,[]
oth466_rt_gross_margin,Gross Margin,other466,Aggregated Fundamental Data ,fundamental,Fundamental,fundamental-fundamental-data,Fundamental Data,ASI,1,MINVOL1M,MATRIX,1,55,162,1.1,[]
oth466_rt_gross_mgn_q,Gross Margin,other466,Aggregated Fundamental Data ,fundamental,Fundamental,fundamental-fundamental-data,Fundamental Data,ASI,1,MINVOL1M,MATRIX,1,180,674,1.1,[]
oth466_rt_inven_curr_assets,Inventories % Total Current Assets,other466,Aggregated Fundamental Data ,fundamental,Fundamental,fundamental-fundamental-data,Fundamental Data,ASI,1,MINVOL1M,MATRIX,1,63,203,1.1,[]
oth466_rt_inven_turn,Inventory Turnover,other466,Aggregated Fundamental Data ,fundamental,Fundamental,fundamental-fundamental-data,Fundamental Data,ASI,1,MINVOL1M,MATRIX,1,54,110,1.1,[]
oth466_rt_invest_assets_pct,Invested Assets % Total Assets,other466,Aggregated Fundamental Data ,fundamental,Fundamental,fundamental-fundamental-data,Fundamental Data,ASI,1,MINVOL1M,MATRIX,0.2917,5,5,1.1,[]
oth466_rt_invest_tcap,Total Investments % Total Capital,other466,Aggregated Fundamental Data ,fundamental,Fundamental,fundamental-fundamental-data,Fundamental Data,ASI,1,MINVOL1M,MATRIX,0.2795,6,8,1.1,[]
oth466_rt_ltd_tcap,Long-Term Debt % Total Capital,other466,Aggregated Fundamental Data ,fundamental,Fundamental,fundamental-fundamental-data,Fundamental Data,ASI,1,MINVOL1M,MATRIX,0.9105,38,73,1.1,[]
oth466_rt_min_int_tcap,Minority Interest % Total Capital,other466,Aggregated Fundamental Data ,fundamental,Fundamental,fundamental-fundamental-data,Fundamental Data,ASI,1,MINVOL1M,MATRIX,0.9475,43,100,1.1,[]
oth466_rt_mkt_val_gr,Market Capitalization Growth,other466,Aggregated Fundamental Data ,fundamental,Fundamental,fundamental-fundamental-data,Fundamental Data,ASI,1,MINVOL1M,MATRIX,1,30,41,1.1,[]
oth466_rt_mkt_val_gr_q,Market Capitalization Growth %,other466,Aggregated Fundamental Data ,fundamental,Fundamental,fundamental-fundamental-data,Fundamental Data,ASI,1,MINVOL1M,MATRIX,0.8788,18,50,1.1,[]
oth466_rt_net_inc_bef_xord_gr,Net Income 1 Yr Annual Growth,other466,Aggregated Fundamental Data ,fundamental,Fundamental,fundamental-fundamental-data,Fundamental Data,ASI,1,MINVOL1M,MATRIX,1,30,42,1.1,[]
oth466_rt_net_mgn_gr,Net Margin 1-Year Annual Growth,other466,Aggregated Fundamental Data ,fundamental,Fundamental,fundamental-fundamental-data,Fundamental Data,ASI,1,MINVOL1M,MATRIX,1,32,54,1.1,[]
oth466_rt_net_mgn_q,Net Profit Margin,other466,Aggregated Fundamental Data ,fundamental,Fundamental,fundamental-fundamental-data,Fundamental Data,ASI,1,MINVOL1M,MATRIX,1,108,390,1.1,[]
oth466_rt_oper_cf_fix_chrg,Operating Cash / Fixed Charges,other466,Aggregated Fundamental Data ,fundamental,Fundamental,fundamental-fundamental-data,Fundamental Data,ASI,1,MINVOL1M,MATRIX,1,54,116,1.1,[]
oth466_rt_oper_cf_fix_chrg_q,Operating Cash/Fixed Charges,other466,Aggregated Fundamental Data ,fundamental,Fundamental,fundamental-fundamental-data,Fundamental Data,ASI,1,MINVOL1M,MATRIX,0.7612,70,261,1.1,[]
oth466_rt_oper_inc_gr,Operating Income 1 Yr Annual Growth,other466,Aggregated Fundamental Data ,fundamental,Fundamental,fundamental-fundamental-data,Fundamental Data,ASI,1,MINVOL1M,MATRIX,1,37,60,1.1,[]
oth466_rt_oper_inc_tcap,Operating Income/Total Capital,other466,Aggregated Fundamental Data ,fundamental,Fundamental,fundamental-fundamental-data,Fundamental Data,ASI,1,MINVOL1M,MATRIX,1,49,131,1.1,[]
oth466_rt_pay_acct_sales,Accounts Payable % Sales,other466,Aggregated Fundamental Data ,fundamental,Fundamental,fundamental-fundamental-data,Fundamental Data,ASI,1,MINVOL1M,MATRIX,1,37,74,1.1,[]
oth466_rt_pre_tax_margin,Pre-tax Margin,other466,Aggregated Fundamental Data ,fundamental,Fundamental,fundamental-fundamental-data,Fundamental Data,ASI,1,MINVOL1M,MATRIX,1,54,139,1.1,[]
oth466_rt_prf_margin_opr,Operating Profit Margin,other466,Aggregated Fundamental Data ,fundamental,Fundamental,fundamental-fundamental-data,Fundamental Data,ASI,1,MINVOL1M,MATRIX,1,53,142,1.1,[]
oth466_rt_psales_q,Price to Sales,other466,Aggregated Fundamental Data ,fundamental,Fundamental,fundamental-fundamental-data,Fundamental Data,ASI,1,MINVOL1M,MATRIX,0.9161,57,169,1.1,[]
oth466_rt_quick_ratio,Quick Ratio,other466,Aggregated Fundamental Data ,fundamental,Fundamental,fundamental-fundamental-data,Fundamental Data,ASI,1,MINVOL1M,MATRIX,1,46,79,1.1,[]
oth466_rt_quick_ratio_q,Quick Ratio,other466,Aggregated Fundamental Data ,fundamental,Fundamental,fundamental-fundamental-data,Fundamental Data,ASI,1,MINVOL1M,MATRIX,1,51,105,1.1,[]
oth466_rt_rd_sales,Research & Development Expense / Sales,other466,Aggregated Fundamental Data ,fundamental,Fundamental,fundamental-fundamental-data,Fundamental Data,ASI,1,MINVOL1M,MATRIX,0.7038,56,162,1.1,[]
oth466_rt_receiv_curr_assets,Receivables % Total Current Assets,other466,Aggregated Fundamental Data ,fundamental,Fundamental,fundamental-fundamental-data,Fundamental Data,ASI,1,MINVOL1M,MATRIX,1,40,70,1.1,[]
oth466_rt_reinvest_rate,Reinvestment Rate Total,other466,Aggregated Fundamental Data ,fundamental,Fundamental,fundamental-fundamental-data,Fundamental Data,ASI,1,MINVOL1M,MATRIX,1,56,133,1.1,[]
oth466_rt_reinvest_rate_q,Reinvestment Rate ? per Share,other466,Aggregated Fundamental Data ,fundamental,Fundamental,fundamental-fundamental-data,Fundamental Data,ASI,1,MINVOL1M,MATRIX,0.7583,41,68,1.1,[]
oth466_rt_roce,Return On Equity - Total (%),other466,Aggregated Fundamental Data ,fundamental,Fundamental,fundamental-fundamental-data,Fundamental Data,ASI,1,MINVOL1M,MATRIX,1,50,100,1.1,[]
oth466_rt_roce_q,Return on Equity - Per Share,other466,Aggregated Fundamental Data ,fundamental,Fundamental,fundamental-fundamental-data,Fundamental Data,ASI,1,MINVOL1M,MATRIX,0.9155,69,180,1.1,[]
oth466_rt_roe,Return On Earning Assets,other466,Aggregated Fundamental Data ,fundamental,Fundamental,fundamental-fundamental-data,Fundamental Data,ASI,1,MINVOL1M,MATRIX,1,52,89,1.1,[]
oth466_rt_roe_q,Return on Equity - Total (%),other466,Aggregated Fundamental Data ,fundamental,Fundamental,fundamental-fundamental-data,Fundamental Data,ASI,1,MINVOL1M,MATRIX,0.9156,74,233,1.1,[]
oth466_rt_roic,Return On Invested Capital,other466,Aggregated Fundamental Data ,fundamental,Fundamental,fundamental-fundamental-data,Fundamental Data,ASI,1,MINVOL1M,MATRIX,1,52,115,1.1,[]
oth466_rt_sales,Net Sales To Gross Fixed Assets,other466,Aggregated Fundamental Data ,fundamental,Fundamental,fundamental-fundamental-data,Fundamental Data,ASI,1,MINVOL1M,MATRIX,1,57,137,1.1,[]
oth466_rt_sales_fix_assets,Net Sales To Gross Fixed Assets,other466,Aggregated Fundamental Data ,fundamental,Fundamental,fundamental-fundamental-data,Fundamental Data,ASI,1,MINVOL1M,MATRIX,1,53,164,1.1,[]
oth466_rt_sales_gr,Net Sales/Revenues Growth,other466,Aggregated Fundamental Data ,fundamental,Fundamental,fundamental-fundamental-data,Fundamental Data,ASI,1,MINVOL1M,MATRIX,1,50,114,1.1,[]
oth466_rt_sales_gr_q,Net Sales/Revenues Growth,other466,Aggregated Fundamental Data ,fundamental,Fundamental,fundamental-fundamental-data,Fundamental Data,ASI,1,MINVOL1M,MATRIX,0.8801,30,46,1.1,[]
oth466_rt_sales_per_emp,Sales Per Employee,other466,Aggregated Fundamental Data ,fundamental,Fundamental,fundamental-fundamental-data,Fundamental Data,ASI,1,MINVOL1M,MATRIX,1,38,93,1.1,[]
oth466_rt_sales_wkcap,Net Sales / Working Capital,other466,Aggregated Fundamental Data ,fundamental,Fundamental,fundamental-fundamental-data,Fundamental Data,ASI,1,MINVOL1M,MATRIX,0.9786,43,92,1.1,[]
oth466_rt_secs_re_cap,Equity Securities & Real Estate % Capital,other466,Aggregated Fundamental Data ,fundamental,Fundamental,fundamental-fundamental-data,Fundamental Data,ASI,1,MINVOL1M,MATRIX,0.307,9,10,1.1,[]
oth466_rt_shs_closely_held_pct,Shares - Closely Held - Percent,other466,Aggregated Fundamental Data ,fundamental,Fundamental,fundamental-fundamental-data,Fundamental Data,ASI,1,MINVOL1M,MATRIX,0.9913,50,88,1.1,[]
oth466_rt_stk_split_ratio,Stock Split/Dividend Ratio,other466,Aggregated Fundamental Data ,fundamental,Fundamental,fundamental-fundamental-data,Fundamental Data,ASI,1,MINVOL1M,MATRIX,0.6922,78,285,1.1,[]
oth466_rt_tax_rate,Tax Rate,other466,Aggregated Fundamental Data ,fundamental,Fundamental,fundamental-fundamental-data,Fundamental Data,ASI,1,MINVOL1M,MATRIX,1,47,85,1.1,[]
oth466_rt_tax_rate_q,Effective Tax Rate,other466,Aggregated Fundamental Data ,fundamental,Fundamental,fundamental-fundamental-data,Fundamental Data,ASI,1,MINVOL1M,MATRIX,1,39,57,1.1,[]
oth466_rt_tcap_assets,Total Capital % Total Assets,other466,Aggregated Fundamental Data ,fundamental,Fundamental,fundamental-fundamental-data,Fundamental Data,ASI,1,MINVOL1M,MATRIX,1,46,94,1.1,[]
oth466_rt_tot_debt_tcap_std,Total Debt % Total Capital,other466,Aggregated Fundamental Data ,fundamental,Fundamental,fundamental-fundamental-data,Fundamental Data,ASI,1,MINVOL1M,MATRIX,1,60,354,1.1,[]
oth466_rt_tot_invest_ret_q,Total Investment Return,other466,Aggregated Fundamental Data ,fundamental,Fundamental,fundamental-fundamental-data,Fundamental Data,ASI,1,MINVOL1M,MATRIX,0.8462,35,61,1.1,[]
oth466_rt_wkcap_pct,Working Capital % Total Capital,other466,Aggregated Fundamental Data ,fundamental,Fundamental,fundamental-fundamental-data,Fundamental Data,ASI,1,MINVOL1M,MATRIX,1,32,45,1.1,[]
oth466_shs_gva_lid_sed,Common Shares Used To Calculate Fully Diluted Eps,other466,Aggregated Fundamental Data ,fundamental,Fundamental,fundamental-fundamental-data,Fundamental Data,ASI,1,MINVOL1M,MATRIX,1,61,164,1.1,[]
oth466_sp_fcf_fc,Free Cash Flow Per Share,other466,Aggregated Fundamental Data ,fundamental,Fundamental,fundamental-fundamental-data,Fundamental Data,ASI,1,MINVOL1M,MATRIX,0.9186,51,99,1.1,[]
oth466_sp_sbail_sb,Liabilities - Long Term - Per Share,other466,Aggregated Fundamental Data ,fundamental,Fundamental,fundamental-fundamental-data,Fundamental Data,ASI,1,MINVOL1M,MATRIX,0.9887,35,49,1.1,[]
oth466_spb_sb,Book Value Per Share,other466,Aggregated Fundamental Data ,fundamental,Fundamental,fundamental-fundamental-data,Fundamental Data,ASI,1,MINVOL1M,MATRIX,0.6277,20,36,1.1,[]
oth466_spd_si,Dividends Per Share,other466,Aggregated Fundamental Data ,fundamental,Fundamental,fundamental-fundamental-data,Fundamental Data,ASI,1,MINVOL1M,MATRIX,1,44,60,1.1,[]
oth466_tl_tvni_sb,Long Term Investments,other466,Aggregated Fundamental Data ,fundamental,Fundamental,fundamental-fundamental-data,Fundamental Data,ASI,1,MINVOL1M,MATRIX,1,52,99,1.1,[]
oth466_vni_fc,Cash From Investing Activities,other466,Aggregated Fundamental Data ,fundamental,Fundamental,fundamental-fundamental-data,Fundamental Data,ASI,1,MINVOL1M,MATRIX,1,50,84,1.1,[]