id,description,dataset.id,dataset.name,category.id,category.name,subcategory.id,subcategory.name,region,delay,universe,type,coverage,userCount,alphaCount,pyramidMultiplier,themes,dateCoverage
accounts_payable,"Accrued interest expenses, interest payable in commercial banks.",fundamental23,Fundamental Point in Time Data,fundamental,Fundamental,fundamental-fundamental-data,Fundamental Data,ASI,1,MINVOL1M,MATRIX,0.9976,300,1151,1.1,[],
accounts_receivable_current_assets,Accounts receivable included in current assets for the annual period.,fundamental23,Fundamental Point in Time Data,fundamental,Fundamental,fundamental-fundamental-data,Fundamental Data,ASI,1,MINVOL1M,MATRIX,0.3089,6,7,1.1,[],1
accum_depre,aggregate of accumulated depreciation for each fixed asset.,fundamental23,Fundamental Point in Time Data,fundamental,Fundamental,fundamental-fundamental-data,Fundamental Data,ASI,1,MINVOL1M,MATRIX,0.7537,191,480,1.1,[],
annual_fiscal_month_number,The fiscal month number corresponding to the end of the annual period.,fundamental23,Fundamental Point in Time Data,fundamental,Fundamental,fundamental-fundamental-data,Fundamental Data,ASI,1,MINVOL1M,MATRIX,0.973,5,5,1.1,[],1
annual_fiscal_year_number,The fiscal year associated with the annual reporting period.,fundamental23,Fundamental Point in Time Data,fundamental,Fundamental,fundamental-fundamental-data,Fundamental Data,ASI,1,MINVOL1M,MATRIX,0.973,4,6,1.1,[],1
annual_net_income_value,Net income reported for the annual period.,fundamental23,Fundamental Point in Time Data,fundamental,Fundamental,fundamental-fundamental-data,Fundamental Data,ASI,1,MINVOL1M,MATRIX,0.9352,10,20,1.1,[],1
annual_reporting_currency_code,The currency code in which annual financial values are presented after conversion.,fundamental23,Fundamental Point in Time Data,fundamental,Fundamental,fundamental-fundamental-data,Fundamental Data,ASI,1,MINVOL1M,MATRIX,0.9731,4,5,1.1,[],1
assets,total assets of the company.,fundamental23,Fundamental Point in Time Data,fundamental,Fundamental,fundamental-fundamental-data,Fundamental Data,ASI,1,MINVOL1M,MATRIX,1,899,5729,1.1,[],
assets_curr,"Total current assets. Sum of cash and short-term investments, total receivables (net), total inventory, prepaid expenses, other current assets.",fundamental23,Fundamental Point in Time Data,fundamental,Fundamental,fundamental-fundamental-data,Fundamental Data,ASI,1,MINVOL1M,MATRIX,1,290,1508,1.1,[],
assets_curr_oth,"Other Current Assets, Total.",fundamental23,Fundamental Point in Time Data,fundamental,Fundamental,fundamental-fundamental-data,Fundamental Data,ASI,1,MINVOL1M,MATRIX,0.8709,121,428,1.1,[],
bookvalue_ps,"Tangible Book Value per Share, Common Equity.",fundamental23,Fundamental Point in Time Data,fundamental,Fundamental,fundamental-fundamental-data,Fundamental Data,ASI,1,MINVOL1M,MATRIX,1,283,1144,1.1,[],
capex,capital expenditures.,fundamental23,Fundamental Point in Time Data,fundamental,Fundamental,fundamental-fundamental-data,Fundamental Data,ASI,1,MINVOL1M,MATRIX,1,360,1527,1.1,[],
cash,Total current assets - total net receivables.,fundamental23,Fundamental Point in Time Data,fundamental,Fundamental,fundamental-fundamental-data,Fundamental Data,ASI,1,MINVOL1M,MATRIX,0.953,286,2054,1.1,[],
cash_st,cash and short-term investments.,fundamental23,Fundamental Point in Time Data,fundamental,Fundamental,fundamental-fundamental-data,Fundamental Data,ASI,1,MINVOL1M,MATRIX,0.9889,249,1549,1.1,[],
cashflow_fin,"cash from financing activities that is the sum of financing cash flow items, cash dividends paid, issuance of stock, net and issuance of debt, net.",fundamental23,Fundamental Point in Time Data,fundamental,Fundamental,fundamental-fundamental-data,Fundamental Data,ASI,1,MINVOL1M,MATRIX,1,227,823,1.1,[],
cashflow_invst,Cash from Investing Activities.,fundamental23,Fundamental Point in Time Data,fundamental,Fundamental,fundamental-fundamental-data,Fundamental Data,ASI,1,MINVOL1M,MATRIX,1,213,1207,1.1,[],
cashflow_op,"Includes diverse cash flows that are reported outside of the operating, investing, and financing sections of the cash flow statement.",fundamental23,Fundamental Point in Time Data,fundamental,Fundamental,fundamental-fundamental-data,Fundamental Data,ASI,1,MINVOL1M,MATRIX,1,458,2958,1.1,[],
cogs,cost of revenue represents total costs that can be directly attributed to the goods and services produced/purchased and sold.,fundamental23,Fundamental Point in Time Data,fundamental,Fundamental,fundamental-fundamental-data,Fundamental Data,ASI,1,MINVOL1M,MATRIX,1,284,1052,1.1,[],
cost_of_revenue,Cost of revenue including labor costs reported within cost of goods sold & that are not clearly labeled as cost of goods sold.,fundamental23,Fundamental Point in Time Data,fundamental,Fundamental,fundamental-fundamental-data,Fundamental Data,ASI,1,MINVOL1M,MATRIX,0.9946,120,264,1.1,[],
currency_of_converted_financials,Currency in which the financial values have been converted for reporting.,fundamental23,Fundamental Point in Time Data,fundamental,Fundamental,fundamental-fundamental-data,Fundamental Data,ASI,1,MINVOL1M,MATRIX,0.9857,6,6,1.1,[],1
current_ratio,Total current assets/total current liabilities.,fundamental23,Fundamental Point in Time Data,fundamental,Fundamental,fundamental-fundamental-data,Fundamental Data,ASI,1,MINVOL1M,MATRIX,0.9786,208,850,1.1,[],
debt,Total long-term plus short-term debt.,fundamental23,Fundamental Point in Time Data,fundamental,Fundamental,fundamental-fundamental-data,Fundamental Data,ASI,1,MINVOL1M,MATRIX,1,340,2090,1.1,[],
debt_lt,"Represents interest-bearing debt with maturities beyond 1 year. Long-term debt may consist of long-term bank borrowings, bonds, convertible bonds, etc.",fundamental23,Fundamental Point in Time Data,fundamental,Fundamental,fundamental-fundamental-data,Fundamental Data,ASI,1,MINVOL1M,MATRIX,1,184,591,1.1,[],
debt_lt_curr,Current Port. of LT Debt/Capital Leases.,fundamental23,Fundamental Point in Time Data,fundamental,Fundamental,fundamental-fundamental-data,Fundamental Data,ASI,1,MINVOL1M,MATRIX,0.8303,98,222,1.1,[],
debt_st,Notes payable/short-term debt,fundamental23,Fundamental Point in Time Data,fundamental,Fundamental,fundamental-fundamental-data,Fundamental Data,ASI,1,MINVOL1M,MATRIX,1,162,458,1.1,[],
depre,Depreciation of fixed assets reported outside of the cost of goods and services sold.,fundamental23,Fundamental Point in Time Data,fundamental,Fundamental,fundamental-fundamental-data,Fundamental Data,ASI,1,MINVOL1M,MATRIX,0.6339,69,135,1.1,[],
depre_amort,depreciation.,fundamental23,Fundamental Point in Time Data,fundamental,Fundamental,fundamental-fundamental-data,Fundamental Data,ASI,1,MINVOL1M,MATRIX,0.9773,95,226,1.1,[],
ebit,Normalized Earnings before Interest and Taxes.,fundamental23,Fundamental Point in Time Data,fundamental,Fundamental,fundamental-fundamental-data,Fundamental Data,ASI,1,MINVOL1M,MATRIX,1,441,2327,1.1,[],
ebitda,"Normalized Earnings before Interest, Taxes, Depreciation and Amortization",fundamental23,Fundamental Point in Time Data,fundamental,Fundamental,fundamental-fundamental-data,Fundamental Data,ASI,1,MINVOL1M,MATRIX,0.9961,394,2163,1.1,[],
eps,"represents the bottom-line earnings per share available to common stockholders, including the effects of extraordinary items - adjusted by minority interest, equity in affiliates, the U.S. GAAP adjustment, preferred distributions and all other adjustments to earnings per share.",fundamental23,Fundamental Point in Time Data,fundamental,Fundamental,fundamental-fundamental-data,Fundamental Data,ASI,1,MINVOL1M,MATRIX,1,589,4726,1.1,[],
equity,total equity.,fundamental23,Fundamental Point in Time Data,fundamental,Fundamental,fundamental-fundamental-data,Fundamental Data,ASI,1,MINVOL1M,MATRIX,1,259,1591,1.1,[],
fnd23_1dls,Long-Term Debt Maturing within 1 Year,fundamental23,Fundamental Point in Time Data,fundamental,Fundamental,fundamental-fundamental-data,Fundamental Data,ASI,1,MINVOL1M,MATRIX,0.6713,98,281,1.1,[],
fnd23_1lcs,Capital Lease Payments Due in Year 1,fundamental23,Fundamental Point in Time Data,fundamental,Fundamental,fundamental-fundamental-data,Fundamental Data,ASI,1,MINVOL1M,MATRIX,0.2535,34,64,1.1,[],
fnd23_1los,Operating Lease Payments Due in Year 1,fundamental23,Fundamental Point in Time Data,fundamental,Fundamental,fundamental-fundamental-data,Fundamental Data,ASI,1,MINVOL1M,MATRIX,0.3242,58,74,1.1,[],
fnd23_1nstq,Treasury Shares - Common Stock Primary Issue,fundamental23,Fundamental Point in Time Data,fundamental,Fundamental,fundamental-fundamental-data,Fundamental Data,ASI,1,MINVOL1M,MATRIX,0.8634,92,174,1.1,[],
fnd23_1oscq,"Represents the number of common shares outstanding in a company. When a company has 2 or more different types of common shares outstanding, Shares Outstanding - Common Stock Primary Issue represents the primary issue, which is most actively traded in the market.",fundamental23,Fundamental Point in Time Data,fundamental,Fundamental,fundamental-fundamental-data,Fundamental Data,ASI,1,MINVOL1M,MATRIX,1,137,313,1.1,[],
fnd23_1spdd,common dividends per share for common stock primary issues.,fundamental23,Fundamental Point in Time Data,fundamental,Fundamental,fundamental-fundamental-data,Fundamental Data,ASI,1,MINVOL1M,MATRIX,1,259,1078,1.1,[],
fnd23_2dls,Standardized Long-Term Debt Maturing in Year 5,fundamental23,Fundamental Point in Time Data,fundamental,Fundamental,fundamental-fundamental-data,Fundamental Data,ASI,1,MINVOL1M,MATRIX,0.4025,40,65,1.1,[],
fnd23_2los,Operating Lease Payments Due in Year 2,fundamental23,Fundamental Point in Time Data,fundamental,Fundamental,fundamental-fundamental-data,Fundamental Data,ASI,1,MINVOL1M,MATRIX,0.3137,44,59,1.1,[],
fnd23_32dls,Standardized Long-Term Debt Maturing in Years 2 and 3 represents the summation of Standardized Long-Term Debt Maturing in Year 2 and Standardized Long-Term Debt Maturing in Year 3.,fundamental23,Fundamental Point in Time Data,fundamental,Fundamental,fundamental-fundamental-data,Fundamental Data,ASI,1,MINVOL1M,MATRIX,0.4025,54,86,1.1,[],
fnd23_32los,Standardized Operating Lease Payments Due in Years 2 and 3 represents the summation of Standardized Operating Lease Payments Due in Year 2 and Standardized Operating Lease Payments Due in Year 3.,fundamental23,Fundamental Point in Time Data,fundamental,Fundamental,fundamental-fundamental-data,Fundamental Data,ASI,1,MINVOL1M,MATRIX,0.3137,55,83,1.1,[],
fnd23_3dls,Long Term Debt Maturing in Year 3,fundamental23,Fundamental Point in Time Data,fundamental,Fundamental,fundamental-fundamental-data,Fundamental Data,ASI,1,MINVOL1M,MATRIX,0.3843,21,31,1.1,[],
fnd23_3los,Standardized Operating Lease Payments Due in Year 3.,fundamental23,Fundamental Point in Time Data,fundamental,Fundamental,fundamental-fundamental-data,Fundamental Data,ASI,1,MINVOL1M,MATRIX,0.3034,30,38,1.1,[],
fnd23_4dls,Long Term Debt Maturing in Year 4,fundamental23,Fundamental Point in Time Data,fundamental,Fundamental,fundamental-fundamental-data,Fundamental Data,ASI,1,MINVOL1M,MATRIX,0.3596,13,17,1.1,[],
fnd23_54dls,Standardized Long Term Debt Maturing in Years 4 and 5,fundamental23,Fundamental Point in Time Data,fundamental,Fundamental,fundamental-fundamental-data,Fundamental Data,ASI,1,MINVOL1M,MATRIX,0.3596,26,48,1.1,[],
fnd23_5dls,Standardized long-term debt maturing in year 5,fundamental23,Fundamental Point in Time Data,fundamental,Fundamental,fundamental-fundamental-data,Fundamental Data,ASI,1,MINVOL1M,MATRIX,0.337,33,36,1.1,[],
fnd23_acoa,other current assets.,fundamental23,Fundamental Point in Time Data,fundamental,Fundamental,fundamental-fundamental-data,Fundamental Data,ASI,1,MINVOL1M,MATRIX,0.788,66,120,1.1,[],
fnd23_acos,"Other Current Assets, Total.",fundamental23,Fundamental Point in Time Data,fundamental,Fundamental,fundamental-fundamental-data,Fundamental Data,ASI,1,MINVOL1M,MATRIX,0.8022,77,119,1.1,[],
fnd23_acta,"Total current assets. Sum of cash and short-term investments, total receivables (net), total inventory, prepaid expenses, other current assets.",fundamental23,Fundamental Point in Time Data,fundamental,Fundamental,fundamental-fundamental-data,Fundamental Data,ASI,1,MINVOL1M,MATRIX,0.9569,95,314,1.1,[],
fnd23_adbs,"Normalized Earnings before Interest, Taxes, Depreciation and Amortization",fundamental23,Fundamental Point in Time Data,fundamental,Fundamental,fundamental-fundamental-data,Fundamental Data,ASI,1,MINVOL1M,MATRIX,0.9694,165,467,1.1,[],
fnd23_adpa,represents provisions established for doubtful accounts receivable. Provision for doubtful accounts is usually established on the basis of maturities of receivables and the company's experience on collecting such receivables.,fundamental23,Fundamental Point in Time Data,fundamental,Fundamental,fundamental-fundamental-data,Fundamental Data,ASI,1,MINVOL1M,MATRIX,0.9185,79,142,1.1,[],
fnd23_afsi,Sale of assets to be leased out under operating lease contracts.,fundamental23,Fundamental Point in Time Data,fundamental,Fundamental,fundamental-fundamental-data,Fundamental Data,ASI,1,MINVOL1M,MATRIX,0.966,81,171,1.1,[],
fnd23_agse,Selling/General/Administrative Expense.,fundamental23,Fundamental Point in Time Data,fundamental,Fundamental,fundamental-fundamental-data,Fundamental Data,ASI,1,MINVOL1M,MATRIX,0.9747,72,121,1.1,[],
fnd23_agss,"Selling/General/Administrative Expenses, Total.",fundamental23,Fundamental Point in Time Data,fundamental,Fundamental,fundamental-fundamental-data,Fundamental Data,ASI,1,MINVOL1M,MATRIX,0.9796,101,279,1.1,[],
fnd23_aiav,Accumulated Intangible Amortization represents accumulated amortization against intangible fixed assets.,fundamental23,Fundamental Point in Time Data,fundamental,Fundamental,fundamental-fundamental-data,Fundamental Data,ASI,1,MINVOL1M,MATRIX,0.7004,84,135,1.1,[],
fnd23_aieo,"Count of unique IDs of industry participants. Industry stands for an aggregate view of all  equity clearance activity for the date, symbol, and transaction type in question.",fundamental23,Fundamental Point in Time Data,fundamental,Fundamental,fundamental-fundamental-data,Fundamental Data,ASI,1,MINVOL1M,MATRIX,0.3388,30,52,1.1,[],
fnd23_aiev,"Equity in Affiliates, Supplemental represents the total share of earnings/losses, net of taxes, that the company is entitled to from unconsolidated associated companies, affiliates or joint ventures, which have not been distributed as dividends.",fundamental23,Fundamental Point in Time Data,fundamental,Fundamental,fundamental-fundamental-data,Fundamental Data,ASI,1,MINVOL1M,MATRIX,0.6853,73,123,1.1,[],
fnd23_alge,loss/gain on sale of assets listed in the operating section.,fundamental23,Fundamental Point in Time Data,fundamental,Fundamental,fundamental-fundamental-data,Fundamental Data,ASI,1,MINVOL1M,MATRIX,0.2845,21,22,1.1,[],
fnd23_algn,Gain (Loss) on Sale of Assets.,fundamental23,Fundamental Point in Time Data,fundamental,Fundamental,fundamental-fundamental-data,Fundamental Data,ASI,1,MINVOL1M,MATRIX,0.774,40,59,1.1,[],
fnd23_alos,"Other Long-Term Assets, Total.",fundamental23,Fundamental Point in Time Data,fundamental,Fundamental,fundamental-fundamental-data,Fundamental Data,ASI,1,MINVOL1M,MATRIX,1,91,271,1.1,[],
fnd23_amav,"Amortization of Acquisition Costs, Supplemental",fundamental23,Fundamental Point in Time Data,fundamental,Fundamental,fundamental-fundamental-data,Fundamental Data,ASI,1,MINVOL1M,MATRIX,0.2568,12,14,1.1,[],
fnd23_annfv_value,annual financial values.,fundamental23,Fundamental Point in Time Data,fundamental,Fundamental,fundamental-fundamental-data,Fundamental Data,ASI,1,MINVOL1M,VECTOR,0.6089,1,1,1.1,[],1
fnd23_apts,Total Plan Assets,fundamental23,Fundamental Point in Time Data,fundamental,Fundamental,fundamental-fundamental-data,Fundamental Data,ASI,1,MINVOL1M,MATRIX,0.328,32,52,1.1,[],
fnd23_atcq,represents translation gains (losses) on financial statements of foreign subsidiaries. Such adjustments may be required when the currency of a subsidiary is different from the reporting currency of the reporting company.,fundamental23,Fundamental Point in Time Data,fundamental,Fundamental,fundamental-fundamental-data,Fundamental Data,ASI,1,MINVOL1M,MATRIX,0.5593,39,52,1.1,[],
fnd23_atda,deferred income taxes - long term. These are credits being applied to income taxes that will be paid in future years.,fundamental23,Fundamental Point in Time Data,fundamental,Fundamental,fundamental-fundamental-data,Fundamental Data,ASI,1,MINVOL1M,MATRIX,0.9278,62,84,1.1,[],
fnd23_b6dls,Standardized Long Term Debt Maturing in Year 6 & Beyond,fundamental23,Fundamental Point in Time Data,fundamental,Fundamental,fundamental-fundamental-data,Fundamental Data,ASI,1,MINVOL1M,MATRIX,0.6723,52,83,1.1,[],
fnd23_b6los,"Standardized Operating Lease Payments Due in Year 6 and Beyond represents Total Operating Leases, Supplemental less Standardized Operating Lease Payments Due within 1 Year, Standardized Operating Lease Payments Due in Year 2, Standardized Operating Lease Payments Due in Year 3, Standardized Operating Lease Payments Due in Year 4 and Standardized Operating Lease Payments Due in Year 5.",fundamental23,Fundamental Point in Time Data,fundamental,Fundamental,fundamental-fundamental-data,Fundamental Data,ASI,1,MINVOL1M,MATRIX,0.3243,28,40,1.1,[],
fnd23_bcns,"Net Cash - Beginning Balance represents the beginning balance of cash and cash equivalents, as defined by a company.",fundamental23,Fundamental Point in Time Data,fundamental,Fundamental,fundamental-fundamental-data,Fundamental Data,ASI,1,MINVOL1M,MATRIX,1,180,772,1.1,[],
fnd23_bloo,other liabilities,fundamental23,Fundamental Point in Time Data,fundamental,Fundamental,fundamental-fundamental-data,Fundamental Data,ASI,1,MINVOL1M,MATRIX,0.3543,43,57,1.1,[],
fnd23_bosi,Deconsolidation of a subsidiary classified as Sale of Business.,fundamental23,Fundamental Point in Time Data,fundamental,Fundamental,fundamental-fundamental-data,Fundamental Data,ASI,1,MINVOL1M,MATRIX,0.4777,14,16,1.1,[],
fnd23_bpal,"Accrued interest expenses, interest payable in commercial banks",fundamental23,Fundamental Point in Time Data,fundamental,Fundamental,fundamental-fundamental-data,Fundamental Data,ASI,1,MINVOL1M,MATRIX,0.9894,83,280,1.1,[],
fnd23_bpao,"Represents changes in accounts payable during the period. An increase in accounts payable has a positive impact on cash flow from operating activities, and vice versa.",fundamental23,Fundamental Point in Time Data,fundamental,Fundamental,fundamental-fundamental-data,Fundamental Data,ASI,1,MINVOL1M,MATRIX,0.4061,61,120,1.1,[],
fnd23_bpdl,Dividends Payable,fundamental23,Fundamental Point in Time Data,fundamental,Fundamental,fundamental-fundamental-data,Fundamental Data,ASI,1,MINVOL1M,MATRIX,0.4345,10,11,1.1,[],
fnd23_bpol,Other Payables,fundamental23,Fundamental Point in Time Data,fundamental,Fundamental,fundamental-fundamental-data,Fundamental Data,ASI,1,MINVOL1M,MATRIX,0.783,95,315,1.1,[],
fnd23_caic,Income Available to Common Excl. Extraordinary Items,fundamental23,Fundamental Point in Time Data,fundamental,Fundamental,fundamental-fundamental-data,Fundamental Data,ASI,1,MINVOL1M,MATRIX,1,91,376,1.1,[],
fnd23_caiv,"Normalized Income Available to Common represents the bottom-line net income available to common shareholders, excluding the effects of all non-recurring/unusual/one-off/extraordinary items, after minority interest, equity in affiliates, the U.S. GAAP adjustment, preferred distributions, and all other adjustments to net income.",fundamental23,Fundamental Point in Time Data,fundamental,Fundamental,fundamental-fundamental-data,Fundamental Data,ASI,1,MINVOL1M,MATRIX,1,135,588,1.1,[],
fnd23_cbpa,"represents the gross amount of buildings and their attachments, before being reduced by accumulated depreciation of the buildings.",fundamental23,Fundamental Point in Time Data,fundamental,Fundamental,fundamental-fundamental-data,Fundamental Data,ASI,1,MINVOL1M,MATRIX,0.8907,100,211,1.1,[],
fnd23_ccns,Net Change in Cash,fundamental23,Fundamental Point in Time Data,fundamental,Fundamental,fundamental-fundamental-data,Fundamental Data,ASI,1,MINVOL1M,MATRIX,1,80,230,1.1,[],
fnd23_cdav,Deferred Revenue - Current,fundamental23,Fundamental Point in Time Data,fundamental,Fundamental,fundamental-fundamental-data,Fundamental Data,ASI,1,MINVOL1M,MATRIX,0.7583,82,373,1.1,[],
fnd23_cema,"Represents the acquisition cost of machinery and other equipment (including delivery equipment, office equipment, machinery, furniture and fixtures, furnishings, factory equipment, tools, etc.) in a company, before being reduced by accumulated depreciation.",fundamental23,Fundamental Point in Time Data,fundamental,Fundamental,fundamental-fundamental-data,Fundamental Data,ASI,1,MINVOL1M,MATRIX,0.9128,75,166,1.1,[],
fnd23_cets,Effect of Special Items on Income Taxes.,fundamental23,Fundamental Point in Time Data,fundamental,Fundamental,fundamental-fundamental-data,Fundamental Data,ASI,1,MINVOL1M,MATRIX,0.9657,91,154,1.1,[],
fnd23_cfda,Deferred costs when reported other than as a part of tangible or intangible assets,fundamental23,Fundamental Point in Time Data,fundamental,Fundamental,fundamental-fundamental-data,Fundamental Data,ASI,1,MINVOL1M,MATRIX,0.6233,38,44,1.1,[],
fnd23_cila,"represents land and improvements on land at acquisition cost. Land is not depreciated, but land improvements are normally depreciated over time.",fundamental23,Fundamental Point in Time Data,fundamental,Fundamental,fundamental-fundamental-data,Fundamental Data,ASI,1,MINVOL1M,MATRIX,0.4325,50,68,1.1,[],
fnd23_cinx,"Income Available to Common Stocks Incl. Extraordinary Items represents the bottom-line net income available to common stockholders, including the effects of extraordinary items - adjusted by minority interest, equity in affiliates, the U.S. GAAP adjustment, preferred distributions and all other adjustments to net income.",fundamental23,Fundamental Point in Time Data,fundamental,Fundamental,fundamental-fundamental-data,Fundamental Data,ASI,1,MINVOL1M,MATRIX,1,174,710,1.1,[],
fnd23_cipq,represents capital contributed by shareholders in excess of par value of common stock in return for shares issued to them.,fundamental23,Fundamental Point in Time Data,fundamental,Fundamental,fundamental-fundamental-data,Fundamental Data,ASI,1,MINVOL1M,MATRIX,0.9803,81,168,1.1,[],
fnd23_cisf,"represents cash inflow from the issuance of common stock. It also includes cash inflow from the sale of treasury shares. However, issuance of additional shares from a stock split is not included in Sale/Issuance of Common",fundamental23,Fundamental Point in Time Data,fundamental,Fundamental,fundamental-fundamental-data,Fundamental Data,ASI,1,MINVOL1M,MATRIX,0.3782,87,198,1.1,[],
fnd23_cnin,"Net income after taxes, adjusted by minority interest, equity in affiliates, the U.S. GAAP adjustment and extraordinary items, before preferred distributions and other adjustments to net income classified as Income Incl Extra Before Distributions",fundamental23,Fundamental Point in Time Data,fundamental,Fundamental,fundamental-fundamental-data,Fundamental Data,ASI,1,MINVOL1M,MATRIX,1,159,594,1.1,[],
fnd23_cpca,Construction in Progress - Gross represents the cost of construction in progress of fixed assets for a company's own use. The cost of construction in progress is normally not depreciated until the fixed assets are completed and placed in production.,fundamental23,Fundamental Point in Time Data,fundamental,Fundamental,fundamental-fundamental-data,Fundamental Data,ASI,1,MINVOL1M,MATRIX,0.8985,32,43,1.1,[],
fnd23_cpdf,common cash dividends paid,fundamental23,Fundamental Point in Time Data,fundamental,Fundamental,fundamental-fundamental-data,Fundamental Data,ASI,1,MINVOL1M,MATRIX,0.7366,98,168,1.1,[],
fnd23_cpoa,Other Properties/Plant/Equipment - Gross,fundamental23,Fundamental Point in Time Data,fundamental,Fundamental,fundamental-fundamental-data,Fundamental Data,ASI,1,MINVOL1M,MATRIX,0.5814,36,51,1.1,[],
fnd23_crco,Cash Receipts,fundamental23,Fundamental Point in Time Data,fundamental,Fundamental,fundamental-fundamental-data,Fundamental Data,ASI,1,MINVOL1M,MATRIX,0.5728,16,44,1.1,[],
fnd23_croa,other receivables.,fundamental23,Fundamental Point in Time Data,fundamental,Fundamental,fundamental-fundamental-data,Fundamental Data,ASI,1,MINVOL1M,MATRIX,0.8292,203,1142,1.1,[],
fnd23_crrf,"Treasury Stock, when reported in the financing section of the cash flow statement, is henceforth classified as Sale/Issuance of Common or Repurchase/Retirement Common",fundamental23,Fundamental Point in Time Data,fundamental,Fundamental,fundamental-fundamental-data,Fundamental Data,ASI,1,MINVOL1M,MATRIX,0.3039,20,31,1.1,[],
fnd23_crta,total net receivables.,fundamental23,Fundamental Point in Time Data,fundamental,Fundamental,fundamental-fundamental-data,Fundamental Data,ASI,1,MINVOL1M,MATRIX,0.9785,47,71,1.1,[],
fnd23_cstq,"represents the value of common stock owned by the issuing company or its consolidated subsidiaries. Treasury stock is recorded at purchase cost, which is inclusive of par value, additional paid-in capital and retained earnings.",fundamental23,Fundamental Point in Time Data,fundamental,Fundamental,fundamental-fundamental-data,Fundamental Data,ASI,1,MINVOL1M,MATRIX,0.3824,27,36,1.1,[],
fnd23_ctcv,"Current Tax - Total reflects the sum of Current Tax - Domestic, Current Tax - Foreign, Current Tax - Local, Current Tax - Other, and Current Tax - Total.",fundamental23,Fundamental Point in Time Data,fundamental,Fundamental,fundamental-fundamental-data,Fundamental Data,ASI,1,MINVOL1M,MATRIX,0.8057,61,114,1.1,[],
fnd23_ctda,"Represents deferred tax assets with a current maturity. When there is a timing difference between financial reporting and tax preparation practices, a company might have credits or additional tax liabilities from the government. Such credits or additional tax liabilities may be reported on a net basis, but if not, government credits may be reported as an asset and additional liabilities may be reported as a liability. The current portion of such assets is generally reported in the current assets section and classified as Deferred Income Tax - Current Asset [ADTC].",fundamental23,Fundamental Point in Time Data,fundamental,Fundamental,fundamental-fundamental-data,Fundamental Data,ASI,1,MINVOL1M,MATRIX,0.2961,34,37,1.1,[],
fnd23_ctdv,Deferred Tax - Total,fundamental23,Fundamental Point in Time Data,fundamental,Fundamental,fundamental-fundamental-data,Fundamental Data,ASI,1,MINVOL1M,MATRIX,0.7997,39,64,1.1,[],
fnd23_ctpa,"gross property, plant & equipment.",fundamental23,Fundamental Point in Time Data,fundamental,Fundamental,fundamental-fundamental-data,Fundamental Data,ASI,1,MINVOL1M,MATRIX,1,98,197,1.1,[],
fnd23_dapv,Plan Assets - Domestic,fundamental23,Fundamental Point in Time Data,fundamental,Fundamental,fundamental-fundamental-data,Fundamental Data,ASI,1,MINVOL1M,MATRIX,0.3257,35,86,1.1,[],
fnd23_dare,Research and development costs expensed directly in the income statement.,fundamental23,Fundamental Point in Time Data,fundamental,Fundamental,fundamental-fundamental-data,Fundamental Data,ASI,1,MINVOL1M,MATRIX,0.4904,60,87,1.1,[],
fnd23_darv,"Research and development costs expensed directly in the income statement classified as Research & Development Expense, Supplemental",fundamental23,Fundamental Point in Time Data,fundamental,Fundamental,fundamental-fundamental-data,Fundamental Data,ASI,1,MINVOL1M,MATRIX,0.6346,103,226,1.1,[],
fnd23_dcdv,Defined Contribution Expense - Domestic,fundamental23,Fundamental Point in Time Data,fundamental,Fundamental,fundamental-fundamental-data,Fundamental Data,ASI,1,MINVOL1M,MATRIX,0.2817,23,33,1.1,[],
fnd23_dciv,Interest Cost - Domestic,fundamental23,Fundamental Point in Time Data,fundamental,Fundamental,fundamental-fundamental-data,Fundamental Data,ASI,1,MINVOL1M,MATRIX,0.3284,35,53,1.1,[],
fnd23_dcsv,Service Cost - Domestic,fundamental23,Fundamental Point in Time Data,fundamental,Fundamental,fundamental-fundamental-data,Fundamental Data,ASI,1,MINVOL1M,MATRIX,0.3377,25,40,1.1,[],
fnd23_ddrv,Discount Rate - Domestic,fundamental23,Fundamental Point in Time Data,fundamental,Fundamental,fundamental-fundamental-data,Fundamental Data,ASI,1,MINVOL1M,MATRIX,0.2914,12,13,1.1,[],
fnd23_deds,Depreciation/Depletion represents the sum of Depreciation and Depletion.,fundamental23,Fundamental Point in Time Data,fundamental,Fundamental,fundamental-fundamental-data,Fundamental Data,ASI,1,MINVOL1M,MATRIX,0.4552,42,63,1.1,[],
fnd23_derq,"represents residual earnings from operations, not distributed to shareholders. It may represent accumulated deficit when a company incurs losses over time.",fundamental23,Fundamental Point in Time Data,fundamental,Fundamental,fundamental-fundamental-data,Fundamental Data,ASI,1,MINVOL1M,MATRIX,1,116,270,1.1,[],
fnd23_dgcd,gross dividends on common stock.,fundamental23,Fundamental Point in Time Data,fundamental,Fundamental,fundamental-fundamental-data,Fundamental Data,ASI,1,MINVOL1M,MATRIX,1,146,502,1.1,[],
fnd23_dlav,Accrued Liabilities - Domestic,fundamental23,Fundamental Point in Time Data,fundamental,Fundamental,fundamental-fundamental-data,Fundamental Data,ASI,1,MINVOL1M,MATRIX,0.3113,22,32,1.1,[],
fnd23_dlcl,Current Port. of LT Debt/Capital Leases.,fundamental23,Fundamental Point in Time Data,fundamental,Fundamental,fundamental-fundamental-data,Fundamental Data,ASI,1,MINVOL1M,MATRIX,0.8039,37,78,1.1,[],
fnd23_dlts,Total Debt represents total interest-bearing debt outstanding.,fundamental23,Fundamental Point in Time Data,fundamental,Fundamental,fundamental-fundamental-data,Fundamental Data,ASI,1,MINVOL1M,MATRIX,1,74,176,1.1,[],
fnd23_dltv,"Total Long Term Debt, Supplemental reflects the sum of Long Term Debt Maturing within 1 through 10 Years and Long Term Debt - Remaining Maturities.",fundamental23,Fundamental Point in Time Data,fundamental,Fundamental,fundamental-fundamental-data,Fundamental Data,ASI,1,MINVOL1M,MATRIX,0.6725,63,204,1.1,[],
fnd23_dpav,Pension Obligation - Domestic,fundamental23,Fundamental Point in Time Data,fundamental,Fundamental,fundamental-fundamental-data,Fundamental Data,ASI,1,MINVOL1M,MATRIX,0.336,24,30,1.1,[],
fnd23_dpco,Cash Payments,fundamental23,Fundamental Point in Time Data,fundamental,Fundamental,fundamental-fundamental-data,Fundamental Data,ASI,1,MINVOL1M,MATRIX,0.5724,7,8,1.1,[],
fnd23_dppv,Funded Status - Domestic,fundamental23,Fundamental Point in Time Data,fundamental,Fundamental,fundamental-fundamental-data,Fundamental Data,ASI,1,MINVOL1M,MATRIX,0.336,40,79,1.1,[],
fnd23_dpxv,Expected Return on Plan Assets - Domestic,fundamental23,Fundamental Point in Time Data,fundamental,Fundamental,fundamental-fundamental-data,Fundamental Data,ASI,1,MINVOL1M,MATRIX,0.3059,19,24,1.1,[],
fnd23_drdv,Discount Rate - Domestic,fundamental23,Fundamental Point in Time Data,fundamental,Fundamental,fundamental-fundamental-data,Fundamental Data,ASI,1,MINVOL1M,MATRIX,0.3195,36,136,1.1,[],
fnd23_drev,Expected Rate of Return - Domestic,fundamental23,Fundamental Point in Time Data,fundamental,Fundamental,fundamental-fundamental-data,Fundamental Data,ASI,1,MINVOL1M,MATRIX,0.2785,14,18,1.1,[],
fnd23_drpf,"If debt issuances and reductions are not delineated separately, the total is classified as Issuance (Retirement) of Debt, Net",fundamental23,Fundamental Point in Time Data,fundamental,Fundamental,fundamental-fundamental-data,Fundamental Data,ASI,1,MINVOL1M,MATRIX,0.9883,132,318,1.1,[],
fnd23_dtdv,Deferred Tax - Domestic,fundamental23,Fundamental Point in Time Data,fundamental,Fundamental,fundamental-fundamental-data,Fundamental Data,ASI,1,MINVOL1M,MATRIX,0.3541,16,16,1.1,[],
fnd23_dtll,"Represents interest-bearing debt with maturities beyond 1 year. Long-term debt may consist of long-term bank borrowings, bonds, convertible bonds, etc.",fundamental23,Fundamental Point in Time Data,fundamental,Fundamental,fundamental-fundamental-data,Fundamental Data,ASI,1,MINVOL1M,MATRIX,0.8834,96,193,1.1,[],
fnd23_dtns,Net Debt Including Preferred Stock & Minority Interest.,fundamental23,Fundamental Point in Time Data,fundamental,Fundamental,fundamental-fundamental-data,Fundamental Data,ASI,1,MINVOL1M,MATRIX,0.9673,112,455,1.1,[],
fnd23_dtsl,Notes payable/short-term debt.,fundamental23,Fundamental Point in Time Data,fundamental,Fundamental,fundamental-fundamental-data,Fundamental Data,ASI,1,MINVOL1M,MATRIX,0.981,52,208,1.1,[],
fnd23_dttl,"represents interest-bearing debt with maturities beyond one year. Long-term debt may consist of long-term bank borrowings, bonds, convertible bonds, etc.",fundamental23,Fundamental Point in Time Data,fundamental,Fundamental,fundamental-fundamental-data,Fundamental Data,ASI,1,MINVOL1M,MATRIX,1,43,94,1.1,[],
fnd23_eaca,cash & equivalents.,fundamental23,Fundamental Point in Time Data,fundamental,Fundamental,fundamental-fundamental-data,Fundamental Data,ASI,1,MINVOL1M,MATRIX,0.9558,147,334,1.1,[],
fnd23_ecns,Net Cash - Ending Balance represents the sum of Net Change in Cash and Net Cash - Beginning Balance.,fundamental23,Fundamental Point in Time Data,fundamental,Fundamental,fundamental-fundamental-data,Fundamental Data,ASI,1,MINVOL1M,MATRIX,1,99,228,1.1,[],
fnd23_eefs,Foreign Exchange Effects represents the increase/decrease in cash and cash equivalents due to changes in exchange rates.,fundamental23,Fundamental Point in Time Data,fundamental,Fundamental,fundamental-fundamental-data,Fundamental Data,ASI,1,MINVOL1M,MATRIX,0.8231,40,61,1.1,[],
fnd23_eiue,Acquisition costs/expenses.,fundamental23,Fundamental Point in Time Data,fundamental,Fundamental,fundamental-fundamental-data,Fundamental Data,ASI,1,MINVOL1M,MATRIX,0.4957,19,23,1.1,[],
fnd23_eiuo,"is applicable only if Net Income/Starting Line [ONET] is income after gains/losses from unusual activities. Because the operating section of the cash flow pursues changes in cash flow from operating activities, any unusual gain/loss included in net income computation needs to be reversed.",fundamental23,Fundamental Point in Time Data,fundamental,Fundamental,fundamental-fundamental-data,Fundamental Data,ASI,1,MINVOL1M,MATRIX,0.4526,15,28,1.1,[],
fnd23_eius,Unusual Expense (Income),fundamental23,Fundamental Point in Time Data,fundamental,Fundamental,fundamental-fundamental-data,Fundamental Data,ASI,1,MINVOL1M,MATRIX,0.8814,39,64,1.1,[],
fnd23_eltq,total equity.,fundamental23,Fundamental Point in Time Data,fundamental,Fundamental,fundamental-fundamental-data,Fundamental Data,ASI,1,MINVOL1M,MATRIX,1,81,213,1.1,[],
fnd23_eooe,"Depreciation of investment properties disclosed outside of the cost of goods sold, for companies reporting in the IFRS or in other standards that treat these as investments",fundamental23,Fundamental Point in Time Data,fundamental,Fundamental,fundamental-fundamental-data,Fundamental Data,ASI,1,MINVOL1M,MATRIX,0.7301,8,11,1.1,[],
fnd23_eoos,"Other Operating Expenses, Total.",fundamental23,Fundamental Point in Time Data,fundamental,Fundamental,fundamental-fundamental-data,Fundamental Data,ASI,1,MINVOL1M,MATRIX,0.8003,25,51,1.1,[],
fnd23_eote,"represents total expenses that are operating in nature, including variable costs directly related to the volume of sales, indirect operating costs, depreciation or amortization, operating provisions and other expenses incurred from operating activities.",fundamental23,Fundamental Point in Time Data,fundamental,Fundamental,fundamental-fundamental-data,Fundamental Data,ASI,1,MINVOL1M,MATRIX,0.9819,56,173,1.1,[],
fnd23_epts,Total Plan Expected Return,fundamental23,Fundamental Point in Time Data,fundamental,Fundamental,fundamental-fundamental-data,Fundamental Data,ASI,1,MINVOL1M,MATRIX,0.3083,14,15,1.1,[],
fnd23_eptv,Total Pension Expense,fundamental23,Fundamental Point in Time Data,fundamental,Fundamental,fundamental-fundamental-data,Fundamental Data,ASI,1,MINVOL1M,MATRIX,0.4243,34,50,1.1,[],
fnd23_eros,"Other Revenue, Total.",fundamental23,Fundamental Point in Time Data,fundamental,Fundamental,fundamental-fundamental-data,Fundamental Data,ASI,1,MINVOL1M,MATRIX,0.2731,12,12,1.1,[],
fnd23_etoq,represents any residual value of shareholders' equity that belongs to shareholders.,fundamental23,Fundamental Point in Time Data,fundamental,Fundamental,fundamental-fundamental-data,Fundamental Data,ASI,1,MINVOL1M,MATRIX,0.5183,11,12,1.1,[],
fnd23_etos,"Other Equity, Total.",fundamental23,Fundamental Point in Time Data,fundamental,Fundamental,fundamental-fundamental-data,Fundamental Data,ASI,1,MINVOL1M,MATRIX,0.7895,50,131,1.1,[],
fnd23_fbbs,"Represents the bottom-line earnings per share available to common stockholders, excluding the effects of extraordinary items - adjusted by minority interest, equity in affiliates, the U.S. GAAP adjustment, preferred distributions, and all other adjustments to earnings per share.",fundamental23,Fundamental Point in Time Data,fundamental,Fundamental,fundamental-fundamental-data,Fundamental Data,ASI,1,MINVOL1M,MATRIX,1,141,520,1.1,[],
fnd23_fbds,"Diluted EPS Excluding Extraordinary Items represents the bottom-line earnings per share available to common stockholders, excluding extraordinary items, adjusted by the effects of dilution. This value is adjusted by minority interest, equity in affiliates, the U.S. GAAP adjustment, preferred distributions and all other adjustments to earnings per share.",fundamental23,Fundamental Point in Time Data,fundamental,Fundamental,fundamental-fundamental-data,Fundamental Data,ASI,1,MINVOL1M,MATRIX,1,267,1872,1.1,[],
fnd23_fcff,other financing cash flow,fundamental23,Fundamental Point in Time Data,fundamental,Fundamental,fundamental-fundamental-data,Fundamental Data,ASI,1,MINVOL1M,MATRIX,0.9949,54,76,1.1,[],
fnd23_fcfs,"Financing cash flow items represent the sum of increase/decrease in deposits, increase/decrease in federal funds sold or REPOs and FHLB plus other financing cash flow.",fundamental23,Fundamental Point in Time Data,fundamental,Fundamental,fundamental-fundamental-data,Fundamental Data,ASI,1,MINVOL1M,MATRIX,0.9952,49,130,1.1,[],
fnd23_fcii,Cash used for discontinued operations classified as Other Investing Cash Flow,fundamental23,Fundamental Point in Time Data,fundamental,Fundamental,fundamental-fundamental-data,Fundamental Data,ASI,1,MINVOL1M,MATRIX,0.9776,59,125,1.1,[],
fnd23_fcis,"Other Investing Cash Flow Items, Total represents all items reported within the investing activities in the cash flow statement, other than capital expenditures.",fundamental23,Fundamental Point in Time Data,fundamental,Fundamental,fundamental-fundamental-data,Fundamental Data,ASI,1,MINVOL1M,MATRIX,1,45,91,1.1,[],
fnd23_fcoo,"represents the impact of other operating cash flow items that cannot be classified as an adjustment item to net income, or an asset/liability as part of changes in non-cash working capital.",fundamental23,Fundamental Point in Time Data,fundamental,Fundamental,fundamental-fundamental-data,Fundamental Data,ASI,1,MINVOL1M,MATRIX,0.9882,42,72,1.1,[],
fnd23_fcos,Changes in Working Capital,fundamental23,Fundamental Point in Time Data,fundamental,Fundamental,fundamental-fundamental-data,Fundamental Data,ASI,1,MINVOL1M,MATRIX,1,167,710,1.1,[],
fnd23_fltf,"cash from financing activities that is the sum of financing cash flow items, cash dividends paid, issuance of stock, net and issuance of debt, net.",fundamental23,Fundamental Point in Time Data,fundamental,Fundamental,fundamental-fundamental-data,Fundamental Data,ASI,1,MINVOL1M,MATRIX,1,122,357,1.1,[],
fnd23_gaxv,Actuarial Gains and Losses - Domestic,fundamental23,Fundamental Point in Time Data,fundamental,Fundamental,fundamental-fundamental-data,Fundamental Data,ASI,1,MINVOL1M,MATRIX,0.2674,9,16,1.1,[],
fnd23_gfia,represents inventories of unsold finished goods on hand. These goods may have been produced internally or purchased for resale.,fundamental23,Fundamental Point in Time Data,fundamental,Fundamental,fundamental-fundamental-data,Fundamental Data,ASI,1,MINVOL1M,MATRIX,0.8009,57,166,1.1,[],
fnd23_gnia,"Represents the gross purchase value of assets that lack physical existence, before being reduced by accumulated impairment and intangible amortization.",fundamental23,Fundamental Point in Time Data,fundamental,Fundamental,fundamental-fundamental-data,Fundamental Data,ASI,1,MINVOL1M,MATRIX,0.6361,19,25,1.1,[],
fnd23_graa,gross accounts receivable from sales of trading assets such as inventories or from services provided.,fundamental23,Fundamental Point in Time Data,fundamental,Fundamental,fundamental-fundamental-data,Fundamental Data,ASI,1,MINVOL1M,MATRIX,0.9206,64,146,1.1,[],
fnd23_hsca,"Cash represents cash on hand, balances on demand deposits, and near-term savings and time deposits. These should be readily available for use and must be free from any contractual restrictions that limit their use in satisfying debts and other operational cash needs.",fundamental23,Fundamental Point in Time Data,fundamental,Fundamental,fundamental-fundamental-data,Fundamental Data,ASI,1,MINVOL1M,MATRIX,0.479,44,82,1.1,[],
fnd23_iabs,"represents the bottom-line earnings per share available to common stockholders, including the effects of extraordinary items - adjusted by minority interest, equity in affiliates, the U.S. GAAP adjustment, preferred distributions and all other adjustments to earnings per share.",fundamental23,Fundamental Point in Time Data,fundamental,Fundamental,fundamental-fundamental-data,Fundamental Data,ASI,1,MINVOL1M,MATRIX,1,108,520,1.1,[],
fnd23_iads,"Diluted EPS Including Extraordinary Items represents the bottom-line earnings per share available to common stockholders, including extraordinary items, adjusted by the effects of dilution.",fundamental23,Fundamental Point in Time Data,fundamental,Fundamental,fundamental-fundamental-data,Fundamental Data,ASI,1,MINVOL1M,MATRIX,1,83,342,1.1,[],
fnd23_icno,Other non-cash items.,fundamental23,Fundamental Point in Time Data,fundamental,Fundamental,fundamental-fundamental-data,Fundamental Data,ASI,1,MINVOL1M,MATRIX,0.4564,73,118,1.1,[],
fnd23_icns,non-cash items.,fundamental23,Fundamental Point in Time Data,fundamental,Fundamental,fundamental-fundamental-data,Fundamental Data,ASI,1,MINVOL1M,MATRIX,0.4569,53,90,1.1,[],
fnd23_idlf,"represents cash inflow on the issuance of long-term debt instruments in a company. Long-term debt may include long-term bank borrowings, corporate bonds, convertible bonds, etc.",fundamental23,Fundamental Point in Time Data,fundamental,Fundamental,fundamental-fundamental-data,Fundamental Data,ASI,1,MINVOL1M,MATRIX,0.657,99,194,1.1,[],
fnd23_idtf,Total Debt Issued represents cash inflow on changes in the level of debt of a company.,fundamental23,Fundamental Point in Time Data,fundamental,Fundamental,fundamental-fundamental-data,Fundamental Data,ASI,1,MINVOL1M,MATRIX,0.5144,2,2,1.1,[],
fnd23_ilti,Cash from Investing Activities.,fundamental23,Fundamental Point in Time Data,fundamental,Fundamental,fundamental-fundamental-data,Fundamental Data,ASI,1,MINVOL1M,MATRIX,1,106,212,1.1,[],
fnd23_imae,amortization of intangible assets reported outside the cost of goods and services sold,fundamental23,Fundamental Point in Time Data,fundamental,Fundamental,fundamental-fundamental-data,Fundamental Data,ASI,1,MINVOL1M,MATRIX,0.2854,21,26,1.1,[],
fnd23_imav,Amortization,fundamental23,Fundamental Point in Time Data,fundamental,Fundamental,fundamental-fundamental-data,Fundamental Data,ASI,1,MINVOL1M,MATRIX,0.7967,79,183,1.1,[],
fnd23_inas,"Total adjustments to net income represents the sum of preferred dividend, general partners' distributions, miscellaneous earnings adjustments, pro forma adjustment, and interest adjustments.",fundamental23,Fundamental Point in Time Data,fundamental,Fundamental,fundamental-fundamental-data,Fundamental Data,ASI,1,MINVOL1M,MATRIX,0.2787,7,12,1.1,[],
fnd23_inds,"Diluted Net Income represents the bottom-line net income available to common shareholders, including extraordinary items, adjusted by the effects of dilution.",fundamental23,Fundamental Point in Time Data,fundamental,Fundamental,fundamental-fundamental-data,Fundamental Data,ASI,1,MINVOL1M,MATRIX,1,136,519,1.1,[],
fnd23_ipos,Operating Income.,fundamental23,Fundamental Point in Time Data,fundamental,Fundamental,fundamental-fundamental-data,Fundamental Data,ASI,1,MINVOL1M,MATRIX,0.9818,118,436,1.1,[],
fnd23_ipts,Total Plan Interest Cost,fundamental23,Fundamental Point in Time Data,fundamental,Fundamental,fundamental-fundamental-data,Fundamental Data,ASI,1,MINVOL1M,MATRIX,0.3315,21,33,1.1,[],
fnd23_iqea,"Represents long-term investment in securities (loans, bonds, and equity) of affiliate companies, where the affiliation may be defined as associated companies, joint ventures, and unconsolidated subsidiaries.",fundamental23,Fundamental Point in Time Data,fundamental,Fundamental,fundamental-fundamental-data,Fundamental Data,ASI,1,MINVOL1M,MATRIX,0.8265,36,72,1.1,[],
fnd23_iscs,cash and short-term investments.,fundamental23,Fundamental Point in Time Data,fundamental,Fundamental,fundamental-fundamental-data,Fundamental Data,ASI,1,MINVOL1M,MATRIX,0.9678,224,1490,1.1,[],
fnd23_ists,Total Special Items represents the sum of all non-recurring/unusual/extraordinary/one-off/special gains and losses that impact a company in any given period.,fundamental23,Fundamental Point in Time Data,fundamental,Fundamental,fundamental-fundamental-data,Fundamental Data,ASI,1,MINVOL1M,MATRIX,0.9657,70,267,1.1,[],
fnd23_item,integer index of the item description field. You can use this index to find out what the value is from itemIx.,fundamental23,Fundamental Point in Time Data,fundamental,Fundamental,fundamental-fundamental-data,Fundamental Data,ASI,1,MINVOL1M,VECTOR,0.4247,21,83,1.1,[],
fnd23_itla,Represents long-term investments with maturities of 1 year or longer.,fundamental23,Fundamental Point in Time Data,fundamental,Fundamental,fundamental-fundamental-data,Fundamental Data,ASI,1,MINVOL1M,MATRIX,0.8297,46,107,1.1,[],
fnd23_itpv,"Normalized Income Before Taxes represents net income before taxes, excluding the effects of all non-recurring/unusual/one-off/extraordinary items.",fundamental23,Fundamental Point in Time Data,fundamental,Fundamental,fundamental-fundamental-data,Fundamental Data,ASI,1,MINVOL1M,MATRIX,1,149,624,1.1,[],
fnd23_itsa,Short-Term Investments,fundamental23,Fundamental Point in Time Data,fundamental,Fundamental,fundamental-fundamental-data,Fundamental Data,ASI,1,MINVOL1M,MATRIX,0.6505,195,1256,1.1,[],
fnd23_iucs,Total Current Assets less Inventory represents Total Current Assets minus Total Inventory.,fundamental23,Fundamental Point in Time Data,fundamental,Fundamental,fundamental-fundamental-data,Fundamental Data,ASI,1,MINVOL1M,MATRIX,0.9554,86,175,1.1,[],
fnd23_iwga,net goodwill.,fundamental23,Fundamental Point in Time Data,fundamental,Fundamental,fundamental-fundamental-data,Fundamental Data,ASI,1,MINVOL1M,MATRIX,0.6286,33,41,1.1,[],
fnd23_iwgv,Goodwill - Net,fundamental23,Fundamental Point in Time Data,fundamental,Fundamental,fundamental-fundamental-data,Fundamental Data,ASI,1,MINVOL1M,MATRIX,0.4586,4,4,1.1,[],
fnd23_jads,"Dilution Adjustment represents the adding back to reported net income the interest expense of debentures when assumed converted, and the adding back to the reported net income the convertible preferred dividends when assumed converted.",fundamental23,Fundamental Point in Time Data,fundamental,Fundamental,fundamental-fundamental-data,Fundamental Data,ASI,1,MINVOL1M,MATRIX,0.7332,63,113,1.1,[],
fnd23_kcqs,Quick Ratio represents Total Current Assets less Inventory divided by Total Current Liabilities.,fundamental23,Fundamental Point in Time Data,fundamental,Fundamental,fundamental-fundamental-data,Fundamental Data,ASI,1,MINVOL1M,MATRIX,0.9555,92,203,1.1,[],
fnd23_lbpl,Pension Benefits - Underfunded,fundamental23,Fundamental Point in Time Data,fundamental,Fundamental,fundamental-fundamental-data,Fundamental Data,ASI,1,MINVOL1M,MATRIX,0.3784,25,32,1.1,[],
fnd23_lcol,other current liabilities.,fundamental23,Fundamental Point in Time Data,fundamental,Fundamental,fundamental-fundamental-data,Fundamental Data,ASI,1,MINVOL1M,MATRIX,0.8161,71,125,1.1,[],
fnd23_lcos,"Other Current Liabilities, Total.",fundamental23,Fundamental Point in Time Data,fundamental,Fundamental,fundamental-fundamental-data,Fundamental Data,ASI,1,MINVOL1M,MATRIX,1,67,207,1.1,[],
fnd23_lctl,represents current liabilities for industrial and utility companies. Current liabilities are liabilities that are incurred from operating activities and expected to be due within one year or an operating cycle of the company.,fundamental23,Fundamental Point in Time Data,fundamental,Fundamental,fundamental-fundamental-data,Fundamental Data,ASI,1,MINVOL1M,MATRIX,0.9568,69,165,1.1,[],
fnd23_lctv,"Total Capital Leases, Supplemental",fundamental23,Fundamental Point in Time Data,fundamental,Fundamental,fundamental-fundamental-data,Fundamental Data,ASI,1,MINVOL1M,MATRIX,0.2553,12,27,1.1,[],
fnd23_ldav,Deferred Revenue - Long Term,fundamental23,Fundamental Point in Time Data,fundamental,Fundamental,fundamental-fundamental-data,Fundamental Data,ASI,1,MINVOL1M,MATRIX,0.3165,5,6,1.1,[],
fnd23_letq,sum of total liabilities and total equity.,fundamental23,Fundamental Point in Time Data,fundamental,Fundamental,fundamental-fundamental-data,Fundamental Data,ASI,1,MINVOL1M,MATRIX,1,64,213,1.1,[],
fnd23_lguq,Unrealized Gain (Loss) represents all unrealized/revaluation gains (losses) reported in the equity section by a company.,fundamental23,Fundamental Point in Time Data,fundamental,Fundamental,fundamental-fundamental-data,Fundamental Data,ASI,1,MINVOL1M,MATRIX,0.4591,24,27,1.1,[],
fnd23_lltl,total liabilities.,fundamental23,Fundamental Point in Time Data,fundamental,Fundamental,fundamental-fundamental-data,Fundamental Data,ASI,1,MINVOL1M,MATRIX,1,57,114,1.1,[],
fnd23_lltq,represents the sum of Total Equity and Equity Non-Controlling Interests.,fundamental23,Fundamental Point in Time Data,fundamental,Fundamental,fundamental-fundamental-data,Fundamental Data,ASI,1,MINVOL1M,MATRIX,0.7318,50,97,1.1,[],
fnd23_lotv,"Total Operating Leases, Supplemental reflects the sum of Operating Leases Maturing within 1 through 10 years, Operating Leases - Remaining Maturities and Operating Leases - Interest Cost.",fundamental23,Fundamental Point in Time Data,fundamental,Fundamental,fundamental-fundamental-data,Fundamental Data,ASI,1,MINVOL1M,MATRIX,0.3245,18,20,1.1,[],
fnd23_ltem,Full-Time Employees,fundamental23,Fundamental Point in Time Data,fundamental,Fundamental,fundamental-fundamental-data,Fundamental Data,ASI,1,MINVOL1M,MATRIX,0.9942,58,201,1.1,[],
fnd23_ltia,total inventory.,fundamental23,Fundamental Point in Time Data,fundamental,Fundamental,fundamental-fundamental-data,Fundamental Data,ASI,1,MINVOL1M,MATRIX,0.9366,76,294,1.1,[],
fnd23_ltio,"represents changes in inventories during the period. An increase in inventories has a negative impact on cash flow from operating activities, and vice versa.",fundamental23,Fundamental Point in Time Data,fundamental,Fundamental,fundamental-fundamental-data,Fundamental Data,ASI,1,MINVOL1M,MATRIX,0.3891,23,44,1.1,[],
fnd23_ltll,Long-term obligations from right-of-use contracts related to operating leases.,fundamental23,Fundamental Point in Time Data,fundamental,Fundamental,fundamental-fundamental-data,Fundamental Data,ASI,1,MINVOL1M,MATRIX,0.8806,69,194,1.1,[],
fnd23_ltls,"Other Liabilities, Total",fundamental23,Fundamental Point in Time Data,fundamental,Fundamental,fundamental-fundamental-data,Fundamental Data,ASI,1,MINVOL1M,MATRIX,0.9573,82,230,1.1,[],
fnd23_mocq,other comprehensive income.,fundamental23,Fundamental Point in Time Data,fundamental,Fundamental,fundamental-fundamental-data,Fundamental Data,ASI,1,MINVOL1M,MATRIX,0.3198,6,7,1.1,[],
fnd23_mpns,Net Profit Margin represents Income Available to Common Excluding Extraordinary Items divided by Total Revenue.,fundamental23,Fundamental Point in Time Data,fundamental,Fundamental,fundamental-fundamental-data,Fundamental Data,ASI,1,MINVOL1M,MATRIX,1,118,316,1.1,[],
fnd23_mria,annual inventories - raw material.,fundamental23,Fundamental Point in Time Data,fundamental,Fundamental,fundamental-fundamental-data,Fundamental Data,ASI,1,MINVOL1M,MATRIX,0.7866,45,277,1.1,[],
fnd23_mtps,Pretax Margin,fundamental23,Fundamental Point in Time Data,fundamental,Fundamental,fundamental-fundamental-data,Fundamental Data,ASI,1,MINVOL1M,MATRIX,1,128,439,1.1,[],
fnd23_ndlf,"If long-term debt issuances and reductions are not delineated separately, the total is classified as Long-Term Debt, Net",fundamental23,Fundamental Point in Time Data,fundamental,Fundamental,fundamental-fundamental-data,Fundamental Data,ASI,1,MINVOL1M,MATRIX,0.7228,19,33,1.1,[],
fnd23_ndsf,"If short-term debt issuances and reductions are not delineated separately, the total is classified as Short Term Debt, Net",fundamental23,Fundamental Point in Time Data,fundamental,Fundamental,fundamental-fundamental-data,Fundamental Data,ASI,1,MINVOL1M,MATRIX,0.3837,47,112,1.1,[],
fnd23_nein,"represents interest expense on debt of non-financial service companies, including insurance companies.",fundamental23,Fundamental Point in Time Data,fundamental,Fundamental,fundamental-fundamental-data,Fundamental Data,ASI,1,MINVOL1M,MATRIX,0.3962,87,279,1.1,[],
fnd23_neis,"Interest Expense, Net Non-Operating represents Interest Expense, Non-Operating, reduced by Interest Capitalized, Non-Operating, and is usually a negative value.",fundamental23,Fundamental Point in Time Data,fundamental,Fundamental,fundamental-fundamental-data,Fundamental Data,ASI,1,MINVOL1M,MATRIX,0.3967,83,199,1.1,[],
fnd23_niie,interest income from operating section.,fundamental23,Fundamental Point in Time Data,fundamental,Fundamental,fundamental-fundamental-data,Fundamental Data,ASI,1,MINVOL1M,MATRIX,0.5634,4,4,1.1,[],
fnd23_niin,"represents non-operating interest income, which is generated from non-operating investment securities such as certificates of deposit or bonds for non-financial service companies.",fundamental23,Fundamental Point in Time Data,fundamental,Fundamental,fundamental-fundamental-data,Fundamental Data,ASI,1,MINVOL1M,MATRIX,0.3705,19,28,1.1,[],
fnd23_niis,"Interest/Investment Income, Non-Operating",fundamental23,Fundamental Point in Time Data,fundamental,Fundamental,fundamental-fundamental-data,Fundamental Data,ASI,1,MINVOL1M,MATRIX,0.7183,55,101,1.1,[],
fnd23_nimc,"Count of unique IDs of industry participants. Industry stands for an aggregate view of all  equity clearance activity for the date, symbol, and transaction type in question.",fundamental23,Fundamental Point in Time Data,fundamental,Fundamental,fundamental-fundamental-data,Fundamental Data,ASI,1,MINVOL1M,MATRIX,0.9132,47,92,1.1,[],
fnd23_niml,Represents accumulated interest for minority shareholders in subsidiaries that are less than 100 percent owned by the reporting parent company. The net worth of a subsidiary is assumed to be proportionally owned by the parent company and other minority shareholders according to their respective ownership percentage.,fundamental23,Fundamental Point in Time Data,fundamental,Fundamental,fundamental-fundamental-data,Fundamental Data,ASI,1,MINVOL1M,MATRIX,0.9086,92,316,1.1,[],
fnd23_nimv,"Minority Interest, Supplemental represents the share of earnings/losses in subsidiaries that belongs to shareholders other than the parent company when the parent company owns less than 100%, but more than 50%, of a subsidiary.",fundamental23,Fundamental Point in Time Data,fundamental,Fundamental,fundamental-fundamental-data,Fundamental Data,ASI,1,MINVOL1M,MATRIX,0.9077,37,107,1.1,[],
fnd23_nins,"Interest Expense (Income), Net-Non-Operating, Total",fundamental23,Fundamental Point in Time Data,fundamental,Fundamental,fundamental-fundamental-data,Fundamental Data,ASI,1,MINVOL1M,MATRIX,0.7196,48,90,1.1,[],
fnd23_nnie,interest expense from net operating income.,fundamental23,Fundamental Point in Time Data,fundamental,Fundamental,fundamental-fundamental-data,Fundamental Data,ASI,1,MINVOL1M,MATRIX,0.4553,8,8,1.1,[],
fnd23_nnin,Interest expense that is reduced by interest income.,fundamental23,Fundamental Point in Time Data,fundamental,Fundamental,fundamental-fundamental-data,Fundamental Data,ASI,1,MINVOL1M,MATRIX,0.4391,20,37,1.1,[],
fnd23_nnis,"Net - Net Operating, Total",fundamental23,Fundamental Point in Time Data,fundamental,Fundamental,fundamental-fundamental-data,Fundamental Data,ASI,1,MINVOL1M,MATRIX,0.6903,10,14,1.1,[],
fnd23_nppa,"net property, plant and equipment.",fundamental23,Fundamental Point in Time Data,fundamental,Fundamental,fundamental-fundamental-data,Fundamental Data,ASI,1,MINVOL1M,MATRIX,1,80,183,1.1,[],
fnd23_nppv,Other Property/Plant/Equipment - Net,fundamental23,Fundamental Point in Time Data,fundamental,Fundamental,fundamental-fundamental-data,Fundamental Data,ASI,1,MINVOL1M,MATRIX,0.5908,11,11,1.1,[],
fnd23_nscf,"If the sale, issuance or repurchase of common stock is not separately delineated, then the total is classified as Common Stock, Net",fundamental23,Fundamental Point in Time Data,fundamental,Fundamental,fundamental-fundamental-data,Fundamental Data,ASI,1,MINVOL1M,MATRIX,0.462,57,110,1.1,[],
fnd23_ntiv,"Income Taxes Excluding Impact of Special Items represents total income taxes, adjusted by the tax impact of adding back non-recurring items, used in the computation of normalized.",fundamental23,Fundamental Point in Time Data,fundamental,Fundamental,fundamental-fundamental-data,Fundamental Data,ASI,1,MINVOL1M,MATRIX,1,105,200,1.1,[],
fnd23_nvii,"represents changes in investments in securities and other investments. Investment, Net is utilized when a company does not delineate the sale of investments and the purchase of investments on the cash flow statement.",fundamental23,Fundamental Point in Time Data,fundamental,Fundamental,fundamental-fundamental-data,Fundamental Data,ASI,1,MINVOL1M,MATRIX,0.3832,26,35,1.1,[],
fnd23_octq,represents the number of primary common shares equivalent outstanding.,fundamental23,Fundamental Point in Time Data,fundamental,Fundamental,fundamental-fundamental-data,Fundamental Data,ASI,1,MINVOL1M,MATRIX,1,65,192,1.1,[],
fnd23_odrv,Expected Rate of Return - Domestic,fundamental23,Fundamental Point in Time Data,fundamental,Fundamental,fundamental-fundamental-data,Fundamental Data,ASI,1,MINVOL1M,MATRIX,0.2732,6,6,1.1,[],
fnd23_oeis,"Interest Expense, Net - Operating",fundamental23,Fundamental Point in Time Data,fundamental,Fundamental,fundamental-fundamental-data,Fundamental Data,ASI,1,MINVOL1M,MATRIX,0.6047,4,4,1.1,[],
fnd23_oiis,Interest/Investment Income - Operating,fundamental23,Fundamental Point in Time Data,fundamental,Fundamental,fundamental-fundamental-data,Fundamental Data,ASI,1,MINVOL1M,MATRIX,0.6617,8,13,1.1,[],
fnd23_olto,"Includes diverse cash flows that are reported outside of the operating, investing, and financing sections of the cash flow statement.",fundamental23,Fundamental Point in Time Data,fundamental,Fundamental,fundamental-fundamental-data,Fundamental Data,ASI,1,MINVOL1M,MATRIX,1,382,2720,1.1,[],
fnd23_opts,Total Plan Obligations,fundamental23,Fundamental Point in Time Data,fundamental,Fundamental,fundamental-fundamental-data,Fundamental Data,ASI,1,MINVOL1M,MATRIX,0.3432,36,48,1.1,[],
fnd23_pacv,"Interest Capitalized, Supplemental",fundamental23,Fundamental Point in Time Data,fundamental,Fundamental,fundamental-fundamental-data,Fundamental Data,ASI,1,MINVOL1M,MATRIX,0.3308,12,54,1.1,[],
fnd23_pamonper,maps each rep identifier to an instrument on a given day.,fundamental23,Fundamental Point in Time Data,fundamental,Fundamental,fundamental-fundamental-data,Fundamental Data,ASI,1,MINVOL1M,MATRIX,0.3423,30,37,1.1,[],1
fnd23_pbts,"Tangible Book Value per Share, Common Equity.",fundamental23,Fundamental Point in Time Data,fundamental,Fundamental,fundamental-fundamental-data,Fundamental Data,ASI,1,MINVOL1M,MATRIX,1,76,309,1.1,[],
fnd23_pdcf,Total Cash Dividends Paid.,fundamental23,Fundamental Point in Time Data,fundamental,Fundamental,fundamental-fundamental-data,Fundamental Data,ASI,1,MINVOL1M,MATRIX,0.7757,56,102,1.1,[],
fnd23_peda,aggregate of accumulated depreciation for each fixed asset.,fundamental23,Fundamental Point in Time Data,fundamental,Fundamental,fundamental-fundamental-data,Fundamental Data,ASI,1,MINVOL1M,MATRIX,0.9376,167,361,1.1,[],
fnd23_pede,Depreciation of fixed assets reported outside of the cost of goods and services sold.,fundamental23,Fundamental Point in Time Data,fundamental,Fundamental,fundamental-fundamental-data,Fundamental Data,ASI,1,MINVOL1M,MATRIX,0.5967,32,58,1.1,[],
fnd23_peds,depreciation.,fundamental23,Fundamental Point in Time Data,fundamental,Fundamental,fundamental-fundamental-data,Fundamental Data,ASI,1,MINVOL1M,MATRIX,1,58,127,1.1,[],
fnd23_pedv,Depreciation,fundamental23,Fundamental Point in Time Data,fundamental,Fundamental,fundamental-fundamental-data,Fundamental Data,ASI,1,MINVOL1M,MATRIX,1,91,216,1.1,[],
fnd23_pics,cash interest paid represents interest paid in cash during the period Cash Interest.,fundamental23,Fundamental Point in Time Data,fundamental,Fundamental,fundamental-fundamental-data,Fundamental Data,ASI,1,MINVOL1M,MATRIX,0.4372,57,241,1.1,[],
fnd23_pnii,Acquisition of investment securities of a company (rather than the whole business unit) classified as Purchase of Investments,fundamental23,Fundamental Point in Time Data,fundamental,Fundamental,fundamental-fundamental-data,Fundamental Data,ASI,1,MINVOL1M,MATRIX,0.946,56,182,1.1,[],
fnd23_ppdv,Domestic Pension Plan Expense,fundamental23,Fundamental Point in Time Data,fundamental,Fundamental,fundamental-fundamental-data,Fundamental Data,ASI,1,MINVOL1M,MATRIX,0.3532,20,35,1.1,[],
fnd23_ppgs,Gross Margin represents gross profit divided by revenue. Gross margin is not available if either gross profit or revenue is missing or if revenue is negative.,fundamental23,Fundamental Point in Time Data,fundamental,Fundamental,fundamental-fundamental-data,Fundamental Data,ASI,1,MINVOL1M,MATRIX,0.9465,70,319,1.1,[],
fnd23_ppos,Operating Margin.,fundamental23,Fundamental Point in Time Data,fundamental,Fundamental,fundamental-fundamental-data,Fundamental Data,ASI,1,MINVOL1M,MATRIX,0.9673,77,397,1.1,[],
fnd23_prgs,Gross Profit represents a measure of a company's operating performance. Gross Profit states the profits earned from a company's revenues and direct costs.,fundamental23,Fundamental Point in Time Data,fundamental,Fundamental,fundamental-fundamental-data,Fundamental Data,ASI,1,MINVOL1M,MATRIX,0.9467,137,421,1.1,[],
fnd23_ptcs,"cash taxes paid represents taxes paid in cash, net of tax refunds received, as reported by the company.",fundamental23,Fundamental Point in Time Data,fundamental,Fundamental,fundamental-fundamental-data,Fundamental Data,ASI,1,MINVOL1M,MATRIX,0.979,44,118,1.1,[],
fnd23_pwia,inventories that are WIP or work-in-progress.,fundamental23,Fundamental Point in Time Data,fundamental,Fundamental,fundamental-fundamental-data,Fundamental Data,ASI,1,MINVOL1M,MATRIX,0.735,32,59,1.1,[],
fnd23_pxrv,"Rental Expense, Supplemental represents the total value of rental expenses paid for offices, factories, machinery and equipment.",fundamental23,Fundamental Point in Time Data,fundamental,Fundamental,fundamental-fundamental-data,Fundamental Data,ASI,1,MINVOL1M,MATRIX,0.5787,63,92,1.1,[],
fnd23_pxtl,"Income Taxes Payable represents income taxes payable to the government, where such tax liability is already confirmed in terms of amount and payable date.",fundamental23,Fundamental Point in Time Data,fundamental,Fundamental,fundamental-fundamental-data,Fundamental Data,ASI,1,MINVOL1M,MATRIX,0.9748,101,552,1.1,[],
fnd23_qabi,represents cash outflow for acquiring new businesses. Reporting the cash flow for acquiring new businesses is not consistent among companies.,fundamental23,Fundamental Point in Time Data,fundamental,Fundamental,fundamental-fundamental-data,Fundamental Data,ASI,1,MINVOL1M,MATRIX,0.5766,22,28,1.1,[],
fnd23_qaii,Franchise acquired (classified as Purchase/Acquisition of Intangibles).,fundamental23,Fundamental Point in Time Data,fundamental,Fundamental,fundamental-fundamental-data,Fundamental Data,ASI,1,MINVOL1M,MATRIX,0.3008,117,213,1.1,[],
fnd23_rale,"Labor costs reported outside of the cost of goods sold, or not clearly labeled as part of the cost of goods sold, for businesses other than manufacturing and mining companies.",fundamental23,Fundamental Point in Time Data,fundamental,Fundamental,fundamental-fundamental-data,Fundamental Data,ASI,1,MINVOL1M,MATRIX,0.6491,19,31,1.1,[],
fnd23_ralv,"Total labor costs: Labor & Related Expense, Supplemental",fundamental23,Fundamental Point in Time Data,fundamental,Fundamental,fundamental-fundamental-data,Fundamental Data,ASI,1,MINVOL1M,MATRIX,0.8378,7,22,1.1,[],
fnd23_ratv,Audit-Related Fees,fundamental23,Fundamental Point in Time Data,fundamental,Fundamental,fundamental-fundamental-data,Fundamental Data,ASI,1,MINVOL1M,MATRIX,0.3692,11,20,1.1,[],
fnd23_rcaa,accounts receivable value.,fundamental23,Fundamental Point in Time Data,fundamental,Fundamental,fundamental-fundamental-data,Fundamental Data,ASI,1,MINVOL1M,MATRIX,0.9654,64,162,1.1,[],
fnd23_rcao,"represents changes in accounts receivable during the period. An increase in accounts receivable has a negative impact on cash flow from operating activities, and vice versa.",fundamental23,Fundamental Point in Time Data,fundamental,Fundamental,fundamental-fundamental-data,Fundamental Data,ASI,1,MINVOL1M,MATRIX,0.4219,23,32,1.1,[],
fnd23_rdlf,represents cash outflow on the repayment of long-term debt in a company. Long-term debt obligations may be repaid upon maturity or replaced with new debt.,fundamental23,Fundamental Point in Time Data,fundamental,Fundamental,fundamental-fundamental-data,Fundamental Data,ASI,1,MINVOL1M,MATRIX,0.6159,35,70,1.1,[],
fnd23_rdtf,Total Debt Reduction represents cash outflow on changes in the level of debt in a company.,fundamental23,Fundamental Point in Time Data,fundamental,Fundamental,fundamental-fundamental-data,Fundamental Data,ASI,1,MINVOL1M,MATRIX,0.5178,6,6,1.1,[],
fnd23_repnotickermap,maps each rep to a ticker on a given day.,fundamental23,Fundamental Point in Time Data,fundamental,Fundamental,fundamental-fundamental-data,Fundamental Data,ASI,1,MINVOL1M,MATRIX,1,113,632,1.1,[],1
fnd23_rltr,"total revenue represents all items clearly presented as revenues, before the cost of goods sold and the gross profit.",fundamental23,Fundamental Point in Time Data,fundamental,Fundamental,fundamental-fundamental-data,Fundamental Data,ASI,1,MINVOL1M,MATRIX,0.983,70,188,1.1,[],
fnd23_rnmv,Minority Interest - Non-Redeemable,fundamental23,Fundamental Point in Time Data,fundamental,Fundamental,fundamental-fundamental-data,Fundamental Data,ASI,1,MINVOL1M,MATRIX,0.6527,30,55,1.1,[],
fnd23_roce,Cost of revenue including labor costs reported within cost of goods sold & that are not clearly labeled as cost of goods sold.,fundamental23,Fundamental Point in Time Data,fundamental,Fundamental,fundamental-fundamental-data,Fundamental Data,ASI,1,MINVOL1M,MATRIX,0.9625,59,129,1.1,[],
fnd23_rocs,cost of revenue represents total costs that can be directly attributed to the goods and services produced/purchased and sold.,fundamental23,Fundamental Point in Time Data,fundamental,Fundamental,fundamental-fundamental-data,Fundamental Data,ASI,1,MINVOL1M,MATRIX,0.964,53,141,1.1,[],
fnd23_rpds,"Depreciation/amortization represents the sum of depreciation, amortization of intangibles, and amortization of acquisition costs.",fundamental23,Fundamental Point in Time Data,fundamental,Fundamental,fundamental-fundamental-data,Fundamental Data,ASI,1,MINVOL1M,MATRIX,0.6329,39,66,1.1,[],
fnd23_rtcv,Current Tax - Total,fundamental23,Fundamental Point in Time Data,fundamental,Fundamental,fundamental-fundamental-data,Fundamental Data,ASI,1,MINVOL1M,MATRIX,0.6893,33,47,1.1,[],
fnd23_rtdv,Deferred Tax - Total,fundamental23,Fundamental Point in Time Data,fundamental,Fundamental,fundamental-fundamental-data,Fundamental Data,ASI,1,MINVOL1M,MATRIX,0.706,28,53,1.1,[],
fnd23_rtes,Effective Tax Rate represents Provision for Income Taxes divided by Income Before Tax.,fundamental23,Fundamental Point in Time Data,fundamental,Fundamental,fundamental-fundamental-data,Fundamental Data,ASI,1,MINVOL1M,MATRIX,1,101,231,1.1,[],
fnd23_rtla,"Represents long-term notes receivable, excluding the current portion of the long-term receivables. It also represents all other long-term receivables reported in the Non-current Assets section.",fundamental23,Fundamental Point in Time Data,fundamental,Fundamental,fundamental-fundamental-data,Fundamental Data,ASI,1,MINVOL1M,MATRIX,0.4255,8,9,1.1,[],
fnd23_rtsa,Short-Term Investments,fundamental23,Fundamental Point in Time Data,fundamental,Fundamental,fundamental-fundamental-data,Fundamental Data,ASI,1,MINVOL1M,MATRIX,0.6316,27,32,1.1,[],
fnd23_rucs,Current Ratio represents Total Current Assets divided by Total Current Liabilities.,fundamental23,Fundamental Point in Time Data,fundamental,Fundamental,fundamental-fundamental-data,Fundamental Data,ASI,1,MINVOL1M,MATRIX,0.9554,93,392,1.1,[],
fnd23_sabs,represents the weighted average common shares outstanding less the dilution of stock options for a given period. These shares are used to calculate Basic EPS.,fundamental23,Fundamental Point in Time Data,fundamental,Fundamental,fundamental-fundamental-data,Fundamental Data,ASI,1,MINVOL1M,MATRIX,1,120,313,1.1,[],
fnd23_saie,Impairment/write-down/write-off/revaluation of investment securities arising from an unusual event.,fundamental23,Fundamental Point in Time Data,fundamental,Fundamental,fundamental-fundamental-data,Fundamental Data,ASI,1,MINVOL1M,MATRIX,0.4353,16,18,1.1,[],
fnd23_saoa,Non-operational fixed assets that are long term.,fundamental23,Fundamental Point in Time Data,fundamental,Fundamental,fundamental-fundamental-data,Fundamental Data,ASI,1,MINVOL1M,MATRIX,0.7428,39,89,1.1,[],
fnd23_saoo,Accrued interest income for companies other than financial service companies,fundamental23,Fundamental Point in Time Data,fundamental,Fundamental,fundamental-fundamental-data,Fundamental Data,ASI,1,MINVOL1M,MATRIX,0.3164,18,21,1.1,[],
fnd23_sebv,"Basic Normalized EPS represents the bottom-line earnings per share available to common stockholders, excluding the effects of all non-recurring/unusual/one-off/extraordinary items, after minority interest, equity in affiliates, the U.S. GAAP adjustment, preferred distributions and all other adjustments to earnings per share.",fundamental23,Fundamental Point in Time Data,fundamental,Fundamental,fundamental-fundamental-data,Fundamental Data,ASI,1,MINVOL1M,MATRIX,1,161,604,1.1,[],
fnd23_sedv,Diluted Normalized EPS,fundamental23,Fundamental Point in Time Data,fundamental,Fundamental,fundamental-fundamental-data,Fundamental Data,ASI,1,MINVOL1M,MATRIX,1,208,746,1.1,[],
fnd23_smcq,"Common Stock represents the value of the most frequently issued class of stock; usually it provides a voting right, but is secondary to preferred stock in dividend and liquidation rights.",fundamental23,Fundamental Point in Time Data,fundamental,Fundamental,fundamental-fundamental-data,Fundamental Data,ASI,1,MINVOL1M,MATRIX,1,90,194,1.1,[],
fnd23_smcs,Total common stock represents the combined value of common stock and limited partner.,fundamental23,Fundamental Point in Time Data,fundamental,Fundamental,fundamental-fundamental-data,Fundamental Data,ASI,1,MINVOL1M,MATRIX,1,126,312,1.1,[],
fnd23_snii,Deconsolidation of subsidiaries if ownership interest in a subsidiary is reduced classified as Sale/Maturity of Investment,fundamental23,Fundamental Point in Time Data,fundamental,Fundamental,fundamental-fundamental-data,Fundamental Data,ASI,1,MINVOL1M,MATRIX,0.8796,31,47,1.1,[],
fnd23_sonm,Number of Common Shareholders,fundamental23,Fundamental Point in Time Data,fundamental,Fundamental,fundamental-fundamental-data,Fundamental Data,ASI,1,MINVOL1M,MATRIX,0.9553,49,109,1.1,[],
fnd23_spts,Total Plan Service Cost,fundamental23,Fundamental Point in Time Data,fundamental,Fundamental,fundamental-fundamental-data,Fundamental Data,ASI,1,MINVOL1M,MATRIX,0.3408,25,121,1.1,[],
fnd23_srav,Net Assets Recognized on Balance Sheet,fundamental23,Fundamental Point in Time Data,fundamental,Fundamental,fundamental-fundamental-data,Fundamental Data,ASI,1,MINVOL1M,MATRIX,0.3273,7,7,1.1,[],
fnd23_ssfv,Total Funded Status,fundamental23,Fundamental Point in Time Data,fundamental,Fundamental,fundamental-fundamental-data,Fundamental Data,ASI,1,MINVOL1M,MATRIX,0.3433,24,43,1.1,[],
fnd23_sspf,"If the sale, issuance, or repurchase of common and preferred stock is not separately delineated, then the total is classified as Issuance (Retirement) of Stock, Net.",fundamental23,Fundamental Point in Time Data,fundamental,Fundamental,fundamental-fundamental-data,Fundamental Data,ASI,1,MINVOL1M,MATRIX,0.4699,69,102,1.1,[],
fnd23_stnr,net sales.,fundamental23,Fundamental Point in Time Data,fundamental,Fundamental,fundamental-fundamental-data,Fundamental Data,ASI,1,MINVOL1M,MATRIX,0.9266,101,258,1.1,[],
fnd23_swds,Diluted Weighted Average Shares represents the number of shares for Diluted EPS computation.,fundamental23,Fundamental Point in Time Data,fundamental,Fundamental,fundamental-fundamental-data,Fundamental Data,ASI,1,MINVOL1M,MATRIX,1,157,530,1.1,[],
fnd23_tait,Net Income After Taxes,fundamental23,Fundamental Point in Time Data,fundamental,Fundamental,fundamental-fundamental-data,Fundamental Data,ASI,1,MINVOL1M,MATRIX,1,193,705,1.1,[],
fnd23_taiv,Normalized Income After Taxes.,fundamental23,Fundamental Point in Time Data,fundamental,Fundamental,fundamental-fundamental-data,Fundamental Data,ASI,1,MINVOL1M,MATRIX,1,111,432,1.1,[],
fnd23_tbie,"represents a company's total revenues reduced by total expenses, before taxes on net income and all after-tax adjustments.",fundamental23,Fundamental Point in Time Data,fundamental,Fundamental,fundamental-fundamental-data,Fundamental Data,ASI,1,MINVOL1M,MATRIX,1,109,375,1.1,[],
fnd23_tdbl,"Represents income taxes estimated and expected to be paid within 1 year or an operating cycle, whichever is longer.",fundamental23,Fundamental Point in Time Data,fundamental,Fundamental,fundamental-fundamental-data,Fundamental Data,ASI,1,MINVOL1M,MATRIX,0.7562,23,28,1.1,[],
fnd23_tdbs,Represents the sum of Deferred Income Tax - Long-Term Liability and Deferred Investment Tax Credit,fundamental23,Fundamental Point in Time Data,fundamental,Fundamental,fundamental-fundamental-data,Fundamental Data,ASI,1,MINVOL1M,MATRIX,0.7562,39,64,1.1,[],
fnd23_teno,is the first line of a cash flow statement when a company employs the Indirect Method in the operating cash flow section.,fundamental23,Fundamental Point in Time Data,fundamental,Fundamental,fundamental-fundamental-data,Fundamental Data,ASI,1,MINVOL1M,MATRIX,0.4564,131,342,1.1,[],
fnd23_tibs,Normalized Earnings before Interest and Taxes.,fundamental23,Fundamental Point in Time Data,fundamental,Fundamental,fundamental-fundamental-data,Fundamental Data,ASI,1,MINVOL1M,MATRIX,0.9685,127,290,1.1,[],
fnd23_tmaa,accumulated intangible amortization.,fundamental23,Fundamental Point in Time Data,fundamental,Fundamental,fundamental-fundamental-data,Fundamental Data,ASI,1,MINVOL1M,MATRIX,0.6335,24,32,1.1,[],
fnd23_tmas,"Amortization represents sum of amortization of intangibles, amortization of acquisition costs, amortization of deferred policy costs.",fundamental23,Fundamental Point in Time Data,fundamental,Fundamental,fundamental-fundamental-data,Fundamental Data,ASI,1,MINVOL1M,MATRIX,0.2926,38,77,1.1,[],
fnd23_tnia,"represents the net value of assets that lack physical existence, reduced by accumulated impairment and intangible amortization.",fundamental23,Fundamental Point in Time Data,fundamental,Fundamental,fundamental-fundamental-data,Fundamental Data,ASI,1,MINVOL1M,MATRIX,0.9732,99,196,1.1,[],
fnd23_tniv,Intangibles - Net,fundamental23,Fundamental Point in Time Data,fundamental,Fundamental,fundamental-fundamental-data,Fundamental Data,ASI,1,MINVOL1M,MATRIX,0.6577,19,23,1.1,[],
fnd23_tnoe,Income from external grants received to cover research and development expenses.,fundamental23,Fundamental Point in Time Data,fundamental,Fundamental,fundamental-fundamental-data,Fundamental Data,ASI,1,MINVOL1M,MATRIX,0.6202,14,18,1.1,[],
fnd23_tnon,represents any non-operating income or expense item that a company reports before income taxes,fundamental23,Fundamental Point in Time Data,fundamental,Fundamental,fundamental-fundamental-data,Fundamental Data,ASI,1,MINVOL1M,MATRIX,0.898,39,66,1.1,[],
fnd23_tnos,other net income.,fundamental23,Fundamental Point in Time Data,fundamental,Fundamental,fundamental-fundamental-data,Fundamental Data,ASI,1,MINVOL1M,MATRIX,0.8985,32,59,1.1,[],
fnd23_toia,Provision/allowances for inventory reported as a negative value classified as Inventories - Other,fundamental23,Fundamental Point in Time Data,fundamental,Fundamental,fundamental-fundamental-data,Fundamental Data,ASI,1,MINVOL1M,MATRIX,0.7066,64,319,1.1,[],
fnd23_tota,total assets of the company.,fundamental23,Fundamental Point in Time Data,fundamental,Fundamental,fundamental-fundamental-data,Fundamental Data,ASI,1,MINVOL1M,MATRIX,1,49,109,1.1,[],
fnd23_ttiv,"Income Tax - Total reflects the sum of Domestic Tax - Other, Foreign Tax - Other, Local Tax - Other, and Other Tax.",fundamental23,Fundamental Point in Time Data,fundamental,Fundamental,fundamental-fundamental-data,Fundamental Data,ASI,1,MINVOL1M,MATRIX,0.8071,45,88,1.1,[],
fnd23_txee,"Excise taxes payment including Sales taxes, value-added tax (VAT) and other excise taxes reported within the cost of goods sold",fundamental23,Fundamental Point in Time Data,fundamental,Fundamental,fundamental-fundamental-data,Fundamental Data,ASI,1,MINVOL1M,MATRIX,0.5573,6,6,1.1,[],
fnd23_uaie,"Form of an unusual item related to the impairment of long-lived assets, certain identifiable intangibles, and goodwill related to those assets.",fundamental23,Fundamental Point in Time Data,fundamental,Fundamental,fundamental-fundamental-data,Fundamental Data,ASI,1,MINVOL1M,MATRIX,0.7959,34,57,1.1,[],
fnd23_uatv,Audit Fees,fundamental23,Fundamental Point in Time Data,fundamental,Fundamental,fundamental-fundamental-data,Fundamental Data,ASI,1,MINVOL1M,MATRIX,0.8353,61,134,1.1,[],
fnd23_vacl,Advances/deposits from customers for the products to be sold or services to be rendered classified as Customer Advances.,fundamental23,Fundamental Point in Time Data,fundamental,Fundamental,fundamental-fundamental-data,Fundamental Data,ASI,1,MINVOL1M,MATRIX,0.7544,64,245,1.1,[],
fnd23_value,value.,fundamental23,Fundamental Point in Time Data,fundamental,Fundamental,fundamental-fundamental-data,Fundamental Data,ASI,1,MINVOL1M,VECTOR,0.4247,19,45,1.1,[],
fnd23_vbts,"Tangible Book Value, Common Equity.",fundamental23,Fundamental Point in Time Data,fundamental,Fundamental,fundamental-fundamental-data,Fundamental Data,ASI,1,MINVOL1M,MATRIX,1,84,266,1.1,[],
fnd23_vdae,advertising expense reported outside the cost of goods and services sold,fundamental23,Fundamental Point in Time Data,fundamental,Fundamental,fundamental-fundamental-data,Fundamental Data,ASI,1,MINVOL1M,MATRIX,0.3825,12,20,1.1,[],
fnd23_vdav,Advertising Expense - Supplemental represents the total cost of advertising incurred by the company.,fundamental23,Fundamental Point in Time Data,fundamental,Fundamental,fundamental-fundamental-data,Fundamental Data,ASI,1,MINVOL1M,MATRIX,0.4904,28,41,1.1,[],
fnd23_vers,"Revenue represents revenues from the sale of merchandise goods, manufactured products and services, and the distribution of regulated energy resources, depending on a specific company's industry. The item is used for industrial and utility companies.",fundamental23,Fundamental Point in Time Data,fundamental,Fundamental,fundamental-fundamental-data,Fundamental Data,ASI,1,MINVOL1M,MATRIX,0.9687,69,158,1.1,[],
fnd23_vnie,investing income from operating section.,fundamental23,Fundamental Point in Time Data,fundamental,Fundamental,fundamental-fundamental-data,Fundamental Data,ASI,1,MINVOL1M,MATRIX,0.6451,7,10,1.1,[],
fnd23_vnin,"represents income or losses, other than interest, from investment securities. Such income may include dividend income, gain/loss on sale of investment securities, unrealized investment income or loss, equity earnings in affiliates, unconsolidated subsidiaries or joint ventures (before taxes), or any other net investment income.",fundamental23,Fundamental Point in Time Data,fundamental,Fundamental,fundamental-fundamental-data,Fundamental Data,ASI,1,MINVOL1M,MATRIX,0.7087,45,86,1.1,[],
fnd23_vnis,Long-Term Investments represents the sum of LT Investments - Affiliate Companies and LT Investments - Other.,fundamental23,Fundamental Point in Time Data,fundamental,Fundamental,fundamental-fundamental-data,Fundamental Data,ASI,1,MINVOL1M,MATRIX,0.9677,44,68,1.1,[],
fnd23_xatt,Provision for Income Taxes.,fundamental23,Fundamental Point in Time Data,fundamental,Fundamental,fundamental-fundamental-data,Fundamental Data,ASI,1,MINVOL1M,MATRIX,1,71,189,1.1,[],
fnd23_xbin,"represents net income after taxes, adjusted by minority interest, equity in affiliates and the U.S. GAAP adjustment, before extraordinary items, preferred distributions and other adjustments to net income.",fundamental23,Fundamental Point in Time Data,fundamental,Fundamental,fundamental-fundamental-data,Fundamental Data,ASI,1,MINVOL1M,MATRIX,1,103,446,1.1,[],
fnd23_xeal,"Represents operational expenses accrued, but not yet paid. As current liabilities, such expenses are expected to be paid within 1 year or 1 operating cycle, whichever is longer.",fundamental23,Fundamental Point in Time Data,fundamental,Fundamental,fundamental-fundamental-data,Fundamental Data,ASI,1,MINVOL1M,MATRIX,0.9457,76,149,1.1,[],
fnd23_xeci,purchase of fixed assets.,fundamental23,Fundamental Point in Time Data,fundamental,Fundamental,fundamental-fundamental-data,Fundamental Data,ASI,1,MINVOL1M,MATRIX,1,92,218,1.1,[],
fnd23_xecs,capital expenditures.,fundamental23,Fundamental Point in Time Data,fundamental,Fundamental,fundamental-fundamental-data,Fundamental Data,ASI,1,MINVOL1M,MATRIX,1,92,187,1.1,[],
fnd23_xeie,interest expense.,fundamental23,Fundamental Point in Time Data,fundamental,Fundamental,fundamental-fundamental-data,Fundamental Data,ASI,1,MINVOL1M,MATRIX,0.6048,5,8,1.1,[],
fnd23_xeiv,"Interest Expense, Supplemental.",fundamental23,Fundamental Point in Time Data,fundamental,Fundamental,fundamental-fundamental-data,Fundamental Data,ASI,1,MINVOL1M,MATRIX,0.9624,53,123,1.1,[],
fnd23_yppa,prepaid expenses.,fundamental23,Fundamental Point in Time Data,fundamental,Fundamental,fundamental-fundamental-data,Fundamental Data,ASI,1,MINVOL1M,MATRIX,0.78,107,437,1.1,[],
goodwill,net goodwill.,fundamental23,Fundamental Point in Time Data,fundamental,Fundamental,fundamental-fundamental-data,Fundamental Data,ASI,1,MINVOL1M,MATRIX,0.6348,94,409,1.1,[],
income,"Net income after taxes, adjusted by minority interest, equity in affiliates, the U.S. GAAP adjustment and extraordinary items, before preferred distributions and other adjustments to net income classified as Income Incl Extra Before Distributions",fundamental23,Fundamental Point in Time Data,fundamental,Fundamental,fundamental-fundamental-data,Fundamental Data,ASI,1,MINVOL1M,MATRIX,1,333,2459,1.1,[],
income_beforeextra,"represents net income after taxes, adjusted by minority interest, equity in affiliates and the U.S. GAAP adjustment, before extraordinary items, preferred distributions and other adjustments to net income.",fundamental23,Fundamental Point in Time Data,fundamental,Fundamental,fundamental-fundamental-data,Fundamental Data,ASI,1,MINVOL1M,MATRIX,1,265,1260,1.1,[],
income_tax,Provision for Income Taxes.,fundamental23,Fundamental Point in Time Data,fundamental,Fundamental,fundamental-fundamental-data,Fundamental Data,ASI,1,MINVOL1M,MATRIX,1,187,825,1.1,[],
income_tax_payable,"Income Taxes Payable represents income taxes payable to the government, where such tax liability is already confirmed in terms of amount and payable date.",fundamental23,Fundamental Point in Time Data,fundamental,Fundamental,fundamental-fundamental-data,Fundamental Data,ASI,1,MINVOL1M,MATRIX,0.9802,122,424,1.1,[],
interest_expense,"Interest Expense, Net - Operating",fundamental23,Fundamental Point in Time Data,fundamental,Fundamental,fundamental-fundamental-data,Fundamental Data,ASI,1,MINVOL1M,MATRIX,0.5199,32,138,1.1,[],
interim_fiscal_month,The fiscal month corresponding to the interim reporting period.,fundamental23,Fundamental Point in Time Data,fundamental,Fundamental,fundamental-fundamental-data,Fundamental Data,ASI,1,MINVOL1M,MATRIX,0.9857,2,2,1.1,[],1
interim_fiscal_year,The fiscal year corresponding to the interim reporting period.,fundamental23,Fundamental Point in Time Data,fundamental,Fundamental,fundamental-fundamental-data,Fundamental Data,ASI,1,MINVOL1M,MATRIX,0.9857,2,2,1.1,[],1
interim_period_sequence_number_2,Sequence number of the interim period within the fiscal year.,fundamental23,Fundamental Point in Time Data,fundamental,Fundamental,fundamental-fundamental-data,Fundamental Data,ASI,1,MINVOL1M,MATRIX,0.9858,4,4,1.1,[],1
inventory,total inventory.,fundamental23,Fundamental Point in Time Data,fundamental,Fundamental,fundamental-fundamental-data,Fundamental Data,ASI,1,MINVOL1M,MATRIX,0.9551,145,716,1.1,[],
inventory_turnover,Inventory Turnover,fundamental23,Fundamental Point in Time Data,fundamental,Fundamental,fundamental-fundamental-data,Fundamental Data,ASI,1,MINVOL1M,MATRIX,0.912,159,513,1.1,[],
liabilities,total liabilities.,fundamental23,Fundamental Point in Time Data,fundamental,Fundamental,fundamental-fundamental-data,Fundamental Data,ASI,1,MINVOL1M,MATRIX,1,348,1341,1.1,[],
liabilities_cur_oth,"Other Current Liabilities, Total.",fundamental23,Fundamental Point in Time Data,fundamental,Fundamental,fundamental-fundamental-data,Fundamental Data,ASI,1,MINVOL1M,MATRIX,1,125,441,1.1,[],
liabilities_curr,Represents current liabilities for industrial and utility companies. Current liabilities are liabilities that are incurred from operating activities and expected to be due within 1 year or an operating cycle of the company.,fundamental23,Fundamental Point in Time Data,fundamental,Fundamental,fundamental-fundamental-data,Fundamental Data,ASI,1,MINVOL1M,MATRIX,1,135,441,1.1,[],
liabilities_oth,"Other Liabilities, Total",fundamental23,Fundamental Point in Time Data,fundamental,Fundamental,fundamental-fundamental-data,Fundamental Data,ASI,1,MINVOL1M,MATRIX,0.989,79,182,1.1,[],
long_term_collateral_debt,Long-term collateralized debt reported for the annual period.,fundamental23,Fundamental Point in Time Data,fundamental,Fundamental,fundamental-fundamental-data,Fundamental Data,ASI,1,MINVOL1M,MATRIX,0.8747,1,1,1.1,[],1
long_term_contract_liabilities,Long-term contract liabilities reported for the annual period.,fundamental23,Fundamental Point in Time Data,fundamental,Fundamental,fundamental-fundamental-data,Fundamental Data,ASI,1,MINVOL1M,MATRIX,0.8905,2,2,1.1,[],1
long_term_debt_total,Total long-term debt reported for the annual period.,fundamental23,Fundamental Point in Time Data,fundamental,Fundamental,fundamental-fundamental-data,Fundamental Data,ASI,1,MINVOL1M,MATRIX,0.9048,2,2,1.1,[],1
long_term_loans_liabilities,Long-term loans and liabilities reported for the annual period.,fundamental23,Fundamental Point in Time Data,fundamental,Fundamental,fundamental-fundamental-data,Fundamental Data,ASI,1,MINVOL1M,MATRIX,0.9358,0,0,1.1,[],1
long_term_trade_debt,Long-term trade debt reported for the annual period.,fundamental23,Fundamental Point in Time Data,fundamental,Fundamental,fundamental-fundamental-data,Fundamental Data,ASI,1,MINVOL1M,MATRIX,0.9348,1,1,1.1,[],1
operating_expense,"represents total expenses that are operating in nature, including variable costs directly related to the volume of sales, indirect operating costs, depreciation or amortization, operating provisions and other expenses incurred from operating activities.",fundamental23,Fundamental Point in Time Data,fundamental,Fundamental,fundamental-fundamental-data,Fundamental Data,ASI,1,MINVOL1M,MATRIX,1,201,1039,1.1,[],
operating_income,Operating Income.,fundamental23,Fundamental Point in Time Data,fundamental,Fundamental,fundamental-fundamental-data,Fundamental Data,ASI,1,MINVOL1M,MATRIX,1,418,2389,1.1,[],
operating_margin,Operating Margin.,fundamental23,Fundamental Point in Time Data,fundamental,Fundamental,fundamental-fundamental-data,Fundamental Data,ASI,1,MINVOL1M,MATRIX,1,248,1155,1.1,[],
other_accumulated_reserves,Other accumulated reserves reported for the annual period.,fundamental23,Fundamental Point in Time Data,fundamental,Fundamental,fundamental-fundamental-data,Fundamental Data,ASI,1,MINVOL1M,MATRIX,0.8192,3,3,1.1,[],1
other_amortization_items,Other amortization items reported for the annual period.,fundamental23,Fundamental Point in Time Data,fundamental,Fundamental,fundamental-fundamental-data,Fundamental Data,ASI,1,MINVOL1M,MATRIX,0.4557,0,0,1.1,[],1
other_appropriations_balance,Other appropriations balance reported for the annual period.,fundamental23,Fundamental Point in Time Data,fundamental,Fundamental,fundamental-fundamental-data,Fundamental Data,ASI,1,MINVOL1M,MATRIX,0.804,2,3,1.1,[],1
other_assets_major,Value of major other assets reported in annual financials.,fundamental23,Fundamental Point in Time Data,fundamental,Fundamental,fundamental-fundamental-data,Fundamental Data,ASI,1,MINVOL1M,MATRIX,0.2942,1,1,1.1,[],1
other_interest_liabilities,Other interest-bearing liabilities reported for the annual period.,fundamental23,Fundamental Point in Time Data,fundamental,Fundamental,fundamental-fundamental-data,Fundamental Data,ASI,1,MINVOL1M,MATRIX,0.7455,1,1,1.1,[],1
other_long_term_obligations,Other long-term obligations reported for the annual period.,fundamental23,Fundamental Point in Time Data,fundamental,Fundamental,fundamental-fundamental-data,Fundamental Data,ASI,1,MINVOL1M,MATRIX,0.9348,6,7,1.1,[],1
other_net_equity_total,Total of other net equity items for the annual period.,fundamental23,Fundamental Point in Time Data,fundamental,Fundamental,fundamental-fundamental-data,Fundamental Data,ASI,1,MINVOL1M,MATRIX,0.855,5,5,1.1,[],1
other_off_balance_liabilities,Other off-balance sheet liabilities for the annual period.,fundamental23,Fundamental Point in Time Data,fundamental,Fundamental,fundamental-fundamental-data,Fundamental Data,ASI,1,MINVOL1M,MATRIX,0.7747,1,1,1.1,[],1
other_operating_assets,Other operating assets reported for the annual period.,fundamental23,Fundamental Point in Time Data,fundamental,Fundamental,fundamental-fundamental-data,Fundamental Data,ASI,1,MINVOL1M,MATRIX,0.6314,1,1,1.1,[],1
ppent,"gross property, plant & equipment.",fundamental23,Fundamental Point in Time Data,fundamental,Fundamental,fundamental-fundamental-data,Fundamental Data,ASI,1,MINVOL1M,MATRIX,0.9254,111,440,1.1,[],
ppent_net,"net property, plant and equipment.",fundamental23,Fundamental Point in Time Data,fundamental,Fundamental,fundamental-fundamental-data,Fundamental Data,ASI,1,MINVOL1M,MATRIX,1,168,510,1.1,[],
preferred_dividends,represents the total amount of the current dividend requirement on issued preferred stock of a company (including its subsidiaries).,fundamental23,Fundamental Point in Time Data,fundamental,Fundamental,fundamental-fundamental-data,Fundamental Data,ASI,1,MINVOL1M,MATRIX,0.3596,23,38,1.1,[],
pretax_income,"represents a company's total revenues reduced by total expenses, before taxes on net income and all after-tax adjustments.",fundamental23,Fundamental Point in Time Data,fundamental,Fundamental,fundamental-fundamental-data,Fundamental Data,ASI,1,MINVOL1M,MATRIX,1,314,1166,1.1,[],
quasi_equity_contracts,Quasi-equity contracts reported for the annual period.,fundamental23,Fundamental Point in Time Data,fundamental,Fundamental,fundamental-fundamental-data,Fundamental Data,ASI,1,MINVOL1M,MATRIX,0.9355,1,1,1.1,[],1
quasi_equity_liabilities,Quasi-equity liabilities reported for the annual period.,fundamental23,Fundamental Point in Time Data,fundamental,Fundamental,fundamental-fundamental-data,Fundamental Data,ASI,1,MINVOL1M,MATRIX,0.9356,0,0,1.1,[],1
quick_ratio,Quick Ratio represents Total Current Assets less Inventory divided by Total Current Liabilities.,fundamental23,Fundamental Point in Time Data,fundamental,Fundamental,fundamental-fundamental-data,Fundamental Data,ASI,1,MINVOL1M,MATRIX,0.9791,120,620,1.1,[],
rad,Research and Development,fundamental23,Fundamental Point in Time Data,fundamental,Fundamental,fundamental-fundamental-data,Fundamental Data,ASI,1,MINVOL1M,MATRIX,0.8915,55,134,1.1,[],
receivable,total net receivables.,fundamental23,Fundamental Point in Time Data,fundamental,Fundamental,fundamental-fundamental-data,Fundamental Data,ASI,1,MINVOL1M,MATRIX,0.9995,154,651,1.1,[],
retained_earnings,"represents residual earnings from operations, not distributed to shareholders. It may represent accumulated deficit when a company incurs losses over time.",fundamental23,Fundamental Point in Time Data,fundamental,Fundamental,fundamental-fundamental-data,Fundamental Data,ASI,1,MINVOL1M,MATRIX,1,185,629,1.1,[],
retained_earnings_liabilities,Retained earnings classified as liabilities for the annual period.,fundamental23,Fundamental Point in Time Data,fundamental,Fundamental,fundamental-fundamental-data,Fundamental Data,ASI,1,MINVOL1M,MATRIX,0.9066,2,3,1.1,[],1
return_assets,Return on assets.,fundamental23,Fundamental Point in Time Data,fundamental,Fundamental,fundamental-fundamental-data,Fundamental Data,ASI,1,MINVOL1M,MATRIX,1,345,1380,1.1,[],
return_equity,Return on equity.,fundamental23,Fundamental Point in Time Data,fundamental,Fundamental,fundamental-fundamental-data,Fundamental Data,ASI,1,MINVOL1M,MATRIX,1,372,2037,1.1,[],
revenue,"total revenue represents all items clearly presented as revenues, before the cost of goods sold and the gross profit.",fundamental23,Fundamental Point in Time Data,fundamental,Fundamental,fundamental-fundamental-data,Fundamental Data,ASI,1,MINVOL1M,MATRIX,1,412,1954,1.1,[],
sales,net sales.,fundamental23,Fundamental Point in Time Data,fundamental,Fundamental,fundamental-fundamental-data,Fundamental Data,ASI,1,MINVOL1M,MATRIX,0.9673,730,5998,1.1,[],
securities_deferred_net_income,Deferred net income related to securities for the annual period.,fundamental23,Fundamental Point in Time Data,fundamental,Fundamental,fundamental-fundamental-data,Fundamental Data,ASI,1,MINVOL1M,MATRIX,0.9352,2,2,1.1,[],1
sga_expense,Selling/General/Administrative Expense.,fundamental23,Fundamental Point in Time Data,fundamental,Fundamental,fundamental-fundamental-data,Fundamental Data,ASI,1,MINVOL1M,MATRIX,0.9974,156,714,1.1,[],
share_capital_extraordinary,Extraordinary share capital reported for the annual period.,fundamental23,Fundamental Point in Time Data,fundamental,Fundamental,fundamental-fundamental-data,Fundamental Data,ASI,1,MINVOL1M,MATRIX,0.9325,4,4,1.1,[],1
share_capital_ordinary,Ordinary share capital reported for the annual period.,fundamental23,Fundamental Point in Time Data,fundamental,Fundamental,fundamental-fundamental-data,Fundamental Data,ASI,1,MINVOL1M,MATRIX,0.8815,1,2,1.1,[],1
share_capital_subscribed,Share capital subscribed reported for the annual period.,fundamental23,Fundamental Point in Time Data,fundamental,Fundamental,fundamental-fundamental-data,Fundamental Data,ASI,1,MINVOL1M,MATRIX,0.8958,2,2,1.1,[],1
share_deposit_equity,Share deposit equity reported for the annual period.,fundamental23,Fundamental Point in Time Data,fundamental,Fundamental,fundamental-fundamental-data,Fundamental Data,ASI,1,MINVOL1M,MATRIX,0.9129,5,7,1.1,[],1
share_dividend_equity,Share dividend equity reported for the annual period.,fundamental23,Fundamental Point in Time Data,fundamental,Fundamental,fundamental-fundamental-data,Fundamental Data,ASI,1,MINVOL1M,MATRIX,0.8508,1,1,1.1,[],1
statement_of_cash_flows,Statement of cash flows for the annual period.,fundamental23,Fundamental Point in Time Data,fundamental,Fundamental,fundamental-fundamental-data,Fundamental Data,ASI,1,MINVOL1M,MATRIX,0.9342,1,1,1.1,[],1
total_assets_annual_atot,Total assets reported for the annual period.,fundamental23,Fundamental Point in Time Data,fundamental,Fundamental,fundamental-fundamental-data,Fundamental Data,ASI,1,MINVOL1M,MATRIX,0.9357,3,4,1.1,[],1
total_current_assets_4,Total current assets reported for the annual period.,fundamental23,Fundamental Point in Time Data,fundamental,Fundamental,fundamental-fundamental-data,Fundamental Data,ASI,1,MINVOL1M,MATRIX,0.891,1,1,1.1,[],1
valuation_market_adjustment_amount,Amount of market adjustment made to valuation.,fundamental23,Fundamental Point in Time Data,fundamental,Fundamental,fundamental-fundamental-data,Fundamental Data,ASI,1,MINVOL1M,MATRIX,0.3878,0,0,1.1,[],1
voting_amortized_investments,Voting amortized investments reported for the annual period.,fundamental23,Fundamental Point in Time Data,fundamental,Fundamental,fundamental-fundamental-data,Fundamental Data,ASI,1,MINVOL1M,MATRIX,0.6349,1,1,1.1,[],1
voting_beneficial_equity_shares,Voting beneficial equity shares reported for the annual period.,fundamental23,Fundamental Point in Time Data,fundamental,Fundamental,fundamental-fundamental-data,Fundamental Data,ASI,1,MINVOL1M,MATRIX,0.9362,8,9,1.1,[],1